SupraB_0_n,SupraB_0_l,SupraB_0_p,Club_1_n,Club_1_l,Club_1_p,Basal_2_n,Basal_2_l,Basal_2_p,Goblet_3_n,Goblet_3_l,Goblet_3_p,Goblet_4_n,Goblet_4_l,Goblet_4_p,SupraB_5_n,SupraB_5_l,SupraB_5_p,SupraB_6_n,SupraB_6_l,SupraB_6_p,SupraB_7_n,SupraB_7_l,SupraB_7_p,Goblet_8_n,Goblet_8_l,Goblet_8_p,Club_9_n,Club_9_l,Club_9_p,Club_10_n,Club_10_l,Club_10_p,Goblet_11_n,Goblet_11_l,Goblet_11_p,Goblet_12_n,Goblet_12_l,Goblet_12_p,Goblet_13_n,Goblet_13_l,Goblet_13_p,SupraB_14_n,SupraB_14_l,SupraB_14_p,SupraB_15_n,SupraB_15_l,SupraB_15_p,Basal_16_n,Basal_16_l,Basal_16_p,MultiC_17_n,MultiC_17_l,MultiC_17_p,MultiC_18_n,MultiC_18_l,MultiC_18_p,MultiC_19_n,MultiC_19_l,MultiC_19_p,Club_20_n,Club_20_l,Club_20_p,Goblet_21_n,Goblet_21_l,Goblet_21_p,Basal_22_n,Basal_22_l,Basal_22_p,Club_23_n,Club_23_l,Club_23_p
IGFBP7,4.5067635,0.0,B4GALT5,3.314394,0.0,KRT5,4.1270537,0.0,CEACAM6,5.5447226,0.0,BPIFB1,6.129537,0.0,SERPINB13,4.6683693,0.0,TUBA1B,3.8556852,0.0,CSTA,3.9426193,0.0,PSAT1,6.3184514,0.0,SERPINB4,4.672592,0.0,WFDC2,3.7688394,0.0,MALAT1,3.4366903,0.0,NC_026432.1,9.366121,0.0,MT-CYB,2.5566766,0.0,HMGB1,2.078868,0.0,COL17A1,6.0518384,0.0,LAMC2,5.935877,0.0,PIFO,11.103158,0.0,TPPP3,9.045377,0.0,LRRIQ1,9.269339,0.0,LGALS1,3.4441519,1.1191580875657907e-158,NC_026435.1,14.205187,0.0,IFIT1,7.453658,0.0,KIT,12.304207,0.0
LGALS1,6.447335,0.0,SELENOP,3.0768747,0.0,IGFBP6,5.949136,0.0,C3,4.149939,0.0,SLPI,3.659269,0.0,S100A16,2.3758163,0.0,STMN1,6.533775,0.0,SERPINB1,2.9999304,0.0,FTH1,1.7381124,0.0,MT1X,1.9305464,0.0,SLPI,3.412188,0.0,MTRNR2L8,3.4542663,0.0,NC_026436.1,8.950444,0.0,MT-CO3,2.4384036,0.0,TUBA1B,3.5078812,0.0,DST,5.0900183,0.0,KRT17,4.3765874,0.0,RSPH1,10.768906,0.0,CAPS,7.380171,0.0,ZMYND10,9.448797,0.0,CAV1,3.3154864,2.0510358258930313e-156,NC_026436.1,11.870679,0.0,ISG15,7.1762066,0.0,ANXA4,2.8634608,3.551834361819488e-282
TINAGL1,3.8749614,0.0,WFDC2,3.069483,0.0,CCDC3,6.0029902,0.0,RAB11FIP1,4.378242,0.0,PIGR,6.1634393,0.0,CLCA4,5.054049,0.0,HMGB1,2.1089861,0.0,SERPINB13,4.5938835,0.0,ASNS,6.126588,0.0,SAT1,1.7638072,0.0,BPIFB1,5.618024,0.0,MTRNR2L12,3.246187,0.0,NC_026437.1,9.970757,0.0,MT-CO2,2.5851264,0.0,HMGN2,2.8384967,0.0,MT-ATP8,2.1871605,0.0,SERPINE2,7.6600294,0.0,CAPS,9.400225,0.0,C1orf194,9.118463,0.0,TPPP3,8.446104,0.0,TINAGL1,2.2019384,2.3436429563545145e-148,NC_026431.1,11.709342,0.0,IFIT3,6.450463,0.0,HEPACAM2,11.918669,1.0593207033114567e-264
CTSH,2.2182136,0.0,GSN,2.194184,0.0,WNT10A,5.785696,0.0,MACC1,4.706617,0.0,XBP1,4.1545887,0.0,SERPINB5,3.8659384,0.0,FGFBP1,5.414277,0.0,CLCA4,5.003269,0.0,PDZK1IP1,5.2903223,0.0,CTSC,2.5018866,0.0,XBP1,4.0221667,0.0,MT-ND5,3.195501,0.0,NC_026438.1,9.835336,0.0,MT-ND4,2.5252862,0.0,H2AFZ,2.9184039,0.0,MT-ATP6,1.9420654,0.0,PMEPA1,5.8601656,0.0,C1orf194,11.169194,0.0,AC007906.2,7.9962897,0.0,EFHC1,7.3956637,0.0,S100A2,1.9930137,1.3555038854588409e-145,NC_026437.1,13.805909,0.0,IFI6,5.0725923,0.0,SLC6A9,5.3091974,8.643092813253152e-211
NPC2,2.0992095,0.0,EPAS1,2.5597572,0.0,DST,4.825342,0.0,GPRC5A,2.7735164,0.0,CD74,3.6592796,0.0,S100A2,2.8118994,0.0,HMGN2,2.882373,0.0,TCN1,4.5058775,0.0,SOD2,3.9450958,0.0,DHRS9,2.7942052,0.0,CXCL17,3.455811,0.0,MT-ND4L,3.493491,0.0,NC_026435.1,9.522307,0.0,MT-ATP6,2.4771886,0.0,HNRNPA2B1,1.4790446,0.0,MT-CO3,1.8687657,0.0,SERPINE1,7.982307,0.0,ENKUR,10.788666,0.0,PIFO,8.662943,0.0,ARMC3,8.673658,0.0,IGFBP7,2.8251615,1.395683180048692e-144,NC_026433.1,11.730849,0.0,STAT1,3.9901185,0.0,FOXI1,12.624266,3.1892162711977716e-201
GAPDH,1.6029664,0.0,DHRS9,3.0153897,0.0,FGFBP1,4.9971547,0.0,RARRES1,5.3489943,0.0,LCN2,4.0494266,0.0,S100A14,2.5926774,0.0,H2AFZ,2.864005,0.0,KRT4,5.589512,0.0,SLC3A2,3.3757954,0.0,CRABP2,2.1887176,0.0,AGR2,3.8515003,0.0,MT-ND2,3.3894804,0.0,NC_026431.1,8.589385,0.0,MT-CO1,2.2855105,0.0,STMN1,5.72541,0.0,MT-CO1,1.8888912,0.0,LAMB3,4.5448914,0.0,C9orf24,10.988733,0.0,SNTN,8.880141,0.0,AC007906.2,7.911944,0.0,IGFBP6,3.1259656,3.515425847464648e-142,NC_026438.1,13.843286,0.0,IFIT2,7.814236,0.0,KRT8,2.3136203,2.85070034906616e-197
LDHA,2.291487,0.0,SERPINB3,3.4615178,0.0,SH3BGRL3,2.3824277,0.0,SCNN1A,2.6945426,0.0,SCGB3A1,5.2709246,0.0,MT1X,1.9450532,0.0,DEK,3.2951849,0.0,PABPC1,1.1165102,0.0,EIF1,1.3150035,0.0,CTSB,1.1882422,0.0,CP,4.559319,0.0,MT-ND4,3.261372,0.0,NC_026433.1,8.906636,0.0,MT-ND4L,2.7992563,0.0,SMC4,5.1360116,0.0,MT-ND4L,2.2945828,0.0,TPM1,4.9280944,0.0,TPPP3,10.961333,0.0,RSPH1,8.258886,0.0,DNAAF1,8.608884,0.0,S100A10,2.01765,2.6992894271238725e-134,NC_026432.1,11.378323,0.0,DDX58,6.0859632,0.0,NREP,6.509746,1.0717019291821687e-195
MMP2,5.8429813,0.0,TXNIP,2.1331034,0.0,ITGB1,2.191615,0.0,ALDH1A3,1.9483434,0.0,BPIFA1,5.6889896,0.0,KRT6A,3.8694897,0.0,TUBB,2.5325165,0.0,RPS6,1.10863,0.0,CXCL8,5.123161,0.0,TCN1,3.7435565,0.0,PIGR,5.556343,0.0,MT-CO1,2.9719844,0.0,NC_026434.1,9.821938,0.0,MT-ND2,2.455262,0.0,SERPINB13,4.5196548,0.0,MT-ND5,2.0265915,0.0,ACTN1,4.1302304,0.0,PSENEN,5.3808355,0.0,C9orf24,8.493515,0.0,FOXJ1,8.814686,0.0,PTHLH,2.975129,8.717961451134937e-134,NC_026434.1,12.843442,0.0,MX1,5.716756,0.0,FAM43A,6.1401896,3.0960204514681508e-192
IGFBP2,4.188048,0.0,RDH10,3.8308284,0.0,CAV1,5.0468087,0.0,TGFB2,3.913301,0.0,CP,4.7322316,0.0,S100A11,0.929056,0.0,MT2A,2.9911823,0.0,RPS24,1.1235352,0.0,GARS,3.4177568,0.0,MMP7,4.13528,0.0,CD74,3.301587,0.0,MT-ATP8,3.2369118,0.0,B2M,1.688568,0.0,MT-ND1,2.2426643,0.0,TOP2A,7.6262846,0.0,MT-ND1,1.7535294,0.0,LAMA3,5.671337,0.0,DNALI1,9.33245,0.0,C20orf85,8.330699,0.0,DNAH12,8.434036,0.0,KRT5,2.492142,3.636633542587944e-131,MTRNR2L12,3.135961,0.0,IFIH1,5.2593503,0.0,ATP6V1A,3.0411925,2.1092546592346925e-187
PDLIM1,2.424108,0.0,CYP4X1,3.2627118,0.0,PDLIM1,2.3601384,0.0,STEAP4,4.745977,0.0,HLA-DRA,5.462999,0.0,AQP3,2.4511201,0.0,PTMA,1.2390054,0.0,RPS8,1.0610931,0.0,PCK2,4.9966135,0.0,KRT23,2.708184,0.0,LCN2,3.7159686,0.0,MT-CYB,3.3265038,0.0,SLPI,2.7159061,0.0,MT-ATP8,2.4994555,0.0,PTTG1,5.1148205,0.0,MT-ND4,1.8968457,0.0,AMIGO2,6.7891707,0.0,ROPN1L,10.749904,0.0,ZMYND10,8.136756,0.0,CCDC170,8.260717,0.0,SH3BGRL3,1.4330951,1.686943145155297e-130,MTRNR2L8,2.6947503,0.0,RSAD2,7.5605054,0.0,ATP6V0B,2.1650376,2.6685289175074037e-186
SH3BGRL3,2.3982973,0.0,GLUL,1.5477897,0.0,COL17A1,5.3738575,0.0,MUC4,3.8978672,0.0,WFDC2,3.5387611,0.0,ANXA2,0.9647445,0.0,SMC4,5.1875796,0.0,ANXA1,1.9416506,0.0,CLIC4,3.7242925,0.0,FAM83A,2.141581,0.0,SCGB3A1,4.8082743,0.0,MT-ATP6,3.3136516,0.0,GPR158,7.9172707,0.0,MT-ND5,2.4696577,0.0,BIRC5,7.4704766,0.0,MT-CYB,1.8608555,0.0,CALD1,5.012196,0.0,PPIL6,9.779763,0.0,PSENEN,3.8879187,0.0,SAXO2,8.266172,0.0,GJB2,2.5761752,4.380900757713247e-128,GPR158,9.840552,0.0,GBP1,5.541433,0.0,EPCAM,3.6763325,5.0642921245444316e-179
S100A10,3.0584426,0.0,ATP1B1,1.5560775,0.0,ALDH3A1,4.0987406,0.0,RHOB,3.447987,0.0,CXCL17,3.4428368,0.0,KRT5,3.4073396,0.0,CCDC3,5.7465115,0.0,SLC25A5,1.7147418,0.0,MTHFD2,3.9647243,0.0,TMSB4X,1.03064,0.0,CAPN13,5.316293,0.0,MT-ND1,3.0089414,0.0,IFITM3,2.0006359,0.0,MT-ND3,2.2893536,0.0,CEP55,7.4549823,0.0,LAMC2,4.2386103,0.0,TGFBI,5.2016063,0.0,FAM81B,10.407278,0.0,FAM183A,7.9480104,0.0,CAPS,6.596636,0.0,COL17A1,3.1692114,4.2352841387339794e-123,CNBD1,9.136292,0.0,OASL,7.0216303,0.0,AZGP1,8.4151,1.7384096626795438e-177
PGK1,1.9188184,0.0,TMEM59,1.5238631,0.0,GJB2,4.3658037,0.0,ARHGDIB,3.8999104,0.0,PLEKHS1,5.1118507,0.0,CSTA,3.0095649,0.0,TYMS,6.7254977,0.0,RPL6,1.1308081,0.0,KYNU,4.0896673,0.0,FTH1,1.1834402,0.0,PLEKHS1,4.7868032,0.0,MT-CO3,3.2007587,0.0,LCN2,3.1812408,0.0,MTRNR2L8,2.5221057,0.0,AQP3,2.758671,0.0,MT-ND2,1.8531953,0.0,TAGLN,7.92692,0.0,CTXN1,9.068278,0.0,TSPAN1,3.2048347,0.0,CFAP43,8.249326,0.0,CAVIN1,3.1210694,7.04272740802031e-122,MALAT1,2.1944551,0.0,IL1RN,4.4441752,0.0,CRYM,6.8963895,2.5709902905206073e-172
CAVIN1,5.342466,0.0,CLINT1,2.0520344,0.0,KRT15,3.491657,0.0,PTTG1IP,1.8348836,0.0,SLC34A2,5.54748,0.0,RPL32,1.2984966,0.0,PLP2,4.5284095,0.0,RPL14,1.3109845,0.0,CEBPB,2.9046516,0.0,PSAP,1.013221,0.0,CYP2F1,5.9699583,0.0,MT-CO2,3.459867,0.0,CNBD1,6.667862,0.0,MTRNR2L12,2.3800085,0.0,MKI67,7.476185,0.0,LAMB3,3.5679753,0.0,VIM,7.288616,0.0,CCDC170,10.437608,0.0,ROPN1L,8.165201,0.0,RSPH1,7.8423705,0.0,PLP2,2.7831237,7.992652381736469e-120,MT-ND4,2.0153732,0.0,OAS3,5.4808125,0.0,MUC20,4.2779794,3.7595261489230586e-171
ACTG1,1.4028158,0.0,TNFSF10,2.112239,0.0,S100A2,2.8741806,0.0,ASAH1,2.358971,0.0,AGR2,3.8062763,0.0,RPS8,1.025261,0.0,HNRNPA2B1,1.4054518,0.0,RPL13A,1.0517521,0.0,NUPR1,4.099024,0.0,CEACAM1,2.9350727,0.0,HLA-DRA,4.9948816,0.0,MT-ND3,3.2186205,0.0,CXCL17,2.7943127,0.0,MALAT1,2.850607,0.0,PTMA,1.1307178,0.0,MT-CO2,1.800474,0.0,CAVIN1,5.502406,0.0,ZMYND10,10.642135,0.0,C9orf116,7.307535,0.0,CCDC146,6.1566463,0.0,NPC2,1.1718479,1.0514250089811389e-118,MT-ND5,1.8089648,0.0,SP110,4.279515,0.0,ATP6V1C2,6.62777,1.0477544812541748e-166
ITGB1,2.164754,0.0,ELF3,2.6912594,0.0,PLP2,4.4499717,0.0,AGR2,3.2153637,0.0,CAPN13,5.5853095,0.0,RPS24,1.0760821,0.0,CAV1,4.910563,0.0,RPL39,1.3020823,0.0,NAMPT,2.7047105,0.0,MARCKS,1.7230538,0.0,MDK,3.504217,0.0,NEAT1,2.456271,0.0,S100P,4.0952845,0.0,NEAT1,2.6368365,0.0,DEK,2.8848627,0.0,AGRN,2.8206472,0.0,SFN,3.729577,0.0,C9orf116,9.515351,0.0,CAPSL,8.318012,0.0,ZBBX,8.13704,0.0,TIMP1,2.0719435,2.0110524424240437e-117,MT-ND1,1.7442567,0.0,NT5C3A,4.760485,0.0,ATP6V1G1,1.6099883,1.8974050042490167e-166
FHL2,3.358547,0.0,PNPLA2,2.6878853,0.0,S100A10,2.9029176,0.0,GABRP,4.592004,0.0,CEACAM6,5.6538706,0.0,RPS2,1.2907504,0.0,PTTG1,5.099411,0.0,RPLP0,1.2574601,0.0,PHGDH,4.880277,0.0,SERPINB1,1.9483303,0.0,RARRES1,5.432864,0.0,NC_026436.1,1.788558,0.0,IFI6,3.338549,0.0,VMP1,2.066405,0.0,ZWINT,5.9342375,0.0,MTRNR2L8,2.1287115,0.0,PDLIM7,4.3155236,0.0,CFAP126,10.769238,0.0,ENKUR,7.8961096,0.0,CDHR3,8.045449,0.0,GJA1,2.6827483,1.1930284386387495e-115,MT-ATP8,1.7557986,0.0,OAS1,5.145522,0.0,H3F3A,1.111585,2.1193750474566006e-166
CAV1,4.9910254,0.0,CXCL17,2.9412346,0.0,SFN,3.4217362,0.0,IL1R1,4.243048,0.0,HLA-DRB1,4.908653,0.0,RPL6,1.0923504,0.0,PFN1,1.4467558,0.0,KRT13,5.470607,0.0,CD55,4.2439685,0.0,MARCKSL1,2.9213574,0.0,MSMB,5.364914,0.0,NC_026433.1,1.6477481,0.0,WFDC2,2.7331874,0.0,PLXNB2,2.505414,0.0,ANP32B,1.8240728,0.0,MALAT1,2.3563268,0.0,PEA15,3.1380577,0.0,ARMC3,10.202238,0.0,CFAP126,8.064774,0.0,TEKT1,8.028344,0.0,MT2A,1.5514109,3.496720907011812e-115,MT-CO1,1.7209574,0.0,IFI44L,5.9466753,0.0,KYNU,3.7098036,3.5258735517551444e-161
PTHLH,5.310849,0.0,ALCAM,1.411616,0.0,BCAM,4.424822,0.0,VGLL1,4.5493116,0.0,SCNN1A,2.8649497,0.0,RPL34,1.1193339,0.0,TOP2A,7.800744,0.0,POLR2J3,4.080081,0.0,ATF4,1.7829866,0.0,GMNN,2.9684343,0.0,CYB5A,2.6859946,0.0,NC_026432.1,1.8250698,0.0,IFI27,4.3687835,0.0,GSN,2.217662,0.0,TYMS,6.1410847,0.0,ITGB4,4.1606927,0.0,CTSB,1.7969438,0.0,MORN2,8.135755,0.0,C9orf135,8.035956,0.0,RFX3,6.3854985,0.0,PDLIM1,1.4162132,3.712628638320834e-114,MT-CYB,1.660307,0.0,SAMD9,4.106028,0.0,TFCP2L1,4.452795,1.4310981647504003e-160
S100A2,2.9208894,0.0,MDK,2.865964,0.0,ITGA6,4.6574745,0.0,RPS27L,2.403661,0.0,C3,4.202757,0.0,PRXL2A,2.808797,0.0,ITGA6,4.6569324,0.0,RPS29,1.1118491,0.0,SAA1,4.1545234,0.0,MFSD1,2.0176706,0.0,SELENBP1,4.415229,0.0,NC_026431.1,1.434189,0.0,SAA1,3.7264407,0.0,C3,3.3483136,0.0,HMGB2,5.706787,0.0,ITGA3,3.753164,0.0,ITGB6,4.3255086,0.0,FAM216B,11.0521145,0.0,LDLRAD1,6.6847315,0.0,SPEF2,7.3956075,0.0,TMSB10,0.8384845,5.598576154771323e-114,MT-ND2,1.6845068,0.0,EPSTI1,5.9558935,0.0,ATP2A3,8.357138,3.7893201186038063e-159
BNIP3,4.1274,0.0,GCNT3,3.5120776,0.0,GJA1,4.8707805,0.0,TRAM1,1.887256,0.0,STEAP4,5.397634,0.0,LAD1,3.1614892,0.0,RRM1,4.2364545,0.0,RPL11,1.2441816,0.0,VEGFA,3.3430989,0.0,RAB10,1.2608948,0.0,BPIFA1,4.7569776,0.0,SCGB3A1,2.1378841,0.0,HLA-DRA,3.9735172,0.0,CPD,1.681387,0.0,PA2G4,1.9497907,0.0,MTRNR2L12,2.1444507,0.0,TAGLN2,2.3838458,0.0,LRRIQ1,9.565257,0.0,KIF9,6.0236945,0.0,DNAH6,7.727676,0.0,KRT15,2.021562,4.3059984749968263e-113,MT-CO3,1.716159,0.0,IFI16,2.2849028,0.0,ATP5F1B,1.4088423,3.2475224196045957e-158
CCND2,4.0918765,0.0,LGALS3,1.4900364,0.0,TP63,4.6003594,0.0,PIP,4.597033,0.0,RARRES1,5.6143155,0.0,RPS6,1.0167544,0.0,HMGB2,5.6704087,0.0,GSTA4,3.4050744,0.0,GDF15,3.6987054,0.0,SELENOP,2.3730097,0.0,C3,3.9039297,0.0,BPIFA1,1.8630711,0.0,MGST1,1.5496398,0.0,MUC4,3.279713,0.0,TPX2,6.7064,0.0,MT-ND3,1.5534459,0.0,SLC7A5,5.1104426,0.0,KIF9,7.9203277,0.0,C11orf88,8.019919,0.0,CCDC17,7.6928363,0.0,DST,2.748175,4.454132685449047e-112,MTRNR2L1,3.1255357,6.897418128601461e-308,C19orf66,3.8673449,0.0,TPD52,2.978834,1.286121485166273e-157
MT2A,2.7048306,0.0,GOLM1,2.9255564,0.0,FSCN1,4.0691447,0.0,LCN2,3.0060322,0.0,CYP4B1,4.7433405,0.0,RPL37A,1.0934203,0.0,ZWINT,5.8618197,0.0,SPRR1B,5.170065,0.0,C15orf48,4.944475,0.0,S100A9,2.3300047,0.0,CEACAM6,5.1105995,0.0,MTRNR2L1,1.1736377,1.2297677296591248e-159,AGR2,2.7335236,0.0,PIGR,3.551918,0.0,TMPO,4.404441,0.0,FLNA,4.4529347,0.0,TNFRSF12A,3.8787487,0.0,CAPSL,10.761912,0.0,FAM216B,7.9420724,0.0,CSPP1,5.620972,0.0,CTSH,1.1512594,6.682306268536468e-112,MT-ATP6,1.6198124,3.551486768044515e-306,UBE2L6,3.8366091,0.0,PTMA,1.0102782,1.0844904391785495e-156
ITGB6,3.962775,0.0,SAT1,1.5241169,0.0,CLCA2,4.442491,0.0,DUSP4,4.017151,0.0,ALDH1A1,3.6238787,0.0,RPL14,1.2557075,0.0,MKI67,7.8649244,0.0,RPL4,1.3675423,0.0,TCIM,4.9887905,0.0,VTCN1,2.8305564,0.0,NR4A1,4.8572893,0.0,MUC4,0.06519983,3.7509243888186055e-44,CYB5A,2.1513674,0.0,RRBP1,1.439488,0.0,KRT6A,3.9806492,0.0,LAMA3,4.4680185,0.0,FSTL3,5.9959393,0.0,C9orf135,10.537836,0.0,DYDC2,7.8672915,0.0,CEP126,6.3285775,0.0,RPL23,0.8015862,9.873440647257663e-112,MT-ND4L,1.6471537,5.9612141987298194e-301,IFITM3,2.338182,0.0,CYB5A,2.4177945,6.204731257835444e-150
PFN1,1.4580561,0.0,SCNN1A,2.304247,0.0,CAVIN1,4.932314,0.0,SLPI,2.2173073,0.0,MUC1,3.8943446,0.0,RPL23,1.136695,0.0,FSCN1,3.99757,0.0,RPL23,1.160871,0.0,CHAC1,5.927762,0.0,IGFBP3,1.7556233,0.0,B2M,1.368435,0.0,SCGB1A1,-0.118414216,8.886265602920741e-41,RPS27L,2.0601847,0.0,AGRN,1.3775694,0.0,RRM1,4.167522,0.0,AHNAK,2.3181875,0.0,ITGAV,4.06955,0.0,WDR78,9.168609,0.0,LRRC46,7.553253,0.0,TMEM231,7.0797586,0.0,TPT1,0.6086362,1.5448941094255698e-110,MT-CO2,1.5045838,1.0316777678811083e-277,MX2,5.975659,0.0,TMPRSS11E,8.392998,2.4502998057425033e-136
GJA1,4.923177,0.0,CTSC,2.2419121,0.0,CTSH,1.8799202,0.0,PLK2,2.5475047,0.0,SELENBP1,4.4885483,0.0,RPL35,1.7602426,0.0,TMPO,4.341161,0.0,RPL5,1.2313031,0.0,STOM,1.8774328,0.0,HIST1H2AC,2.7522008,0.0,RARRES3,3.2009637,0.0,WFDC2,0.36492148,2.8741978847374045e-38,BPIFB1,3.6883326,0.0,LGALS3BP,0.71912163,0.0,CENPW,5.298422,0.0,JAG2,4.5284543,0.0,FLNA,4.7660527,0.0,SPA17,8.052876,0.0,DNALI1,6.664955,0.0,HYDIN,7.7958293,0.0,PFN1,0.8931933,1.0950760401743846e-108,MT-ND3,1.4023246,9.103645702323675e-269,CTSH,2.1693892,0.0,SOX4,2.1915994,1.3946270572082465e-132
ANXA2,1.0533097,0.0,CYB5A,2.2149994,0.0,PTMS,2.557442,0.0,WFDC2,2.821605,0.0,CYP2F1,5.8326917,0.0,RPL11,1.2009993,0.0,CKS1B,4.2755675,0.0,SERPINB2,4.566238,0.0,STC2,5.3876996,0.0,PLAT,3.4521768,0.0,TSPAN1,2.5189233,0.0,MT-ND6,0.30524537,1.5043937190294675e-31,LGALS9,2.7671874,0.0,SCGB3A1,2.6321344,0.0,HNRNPA3,1.774784,0.0,TINAGL1,2.786294,0.0,THBS1,5.4594927,0.0,FAM183A,9.972449,0.0,MORN2,6.010222,0.0,SPAG17,7.682199,0.0,TXNDC17,1.4072925,2.0196020299778044e-107,LINC01004,6.5223536,2.1325430306385584e-263,OAS2,4.857537,0.0,MSI2,2.5192707,6.674236770758967e-128
MYL9,5.28274,0.0,TFCP2L1,3.5127683,0.0,TIMP1,3.3258433,0.0,TM4SF1,2.8640225,0.0,SLC44A4,4.624941,0.0,GPX2,3.5174763,0.0,DUT,2.9224305,0.0,RPL18,1.5328246,0.0,EIF4EBP1,3.521683,0.0,SERPINB3,2.7207253,0.0,TGM2,4.36696,0.0,LINC01344,1.941695,1.0636085322440067e-27,MDK,2.6433783,0.0,NOTCH3,2.3714955,0.0,RANBP1,2.9152126,0.0,GPC1,3.0428345,0.0,VEGFA,3.8979092,0.0,SNTN,11.048868,0.0,EFCAB1,7.4769616,0.0,CFAP73,7.5703173,0.0,RPL31,0.82342136,2.5689092001749306e-107,GABRB1,7.4800673,2.810015521144865e-259,MMP13,6.1173453,0.0,TMEM51,3.739119,4.6291203127583096e-125
TXNDC17,2.3450477,0.0,SELENBP1,3.5344286,0.0,CD44,3.7608004,0.0,CXCL17,2.8869781,0.0,TSPAN1,2.6474493,0.0,IL1RN,3.4907413,0.0,PCNA,3.6491332,0.0,RPS3,1.3366694,0.0,SOX4,2.4329247,0.0,NOTCH3,2.7202985,0.0,TNFSF10,2.272583,0.0,BPIFB1,0.21889444,2.463304911366117e-22,OAS1,3.3502235,0.0,QSOX1,1.2291648,0.0,PRR11,6.396538,0.0,LOXL4,4.010726,0.0,RTN4,1.7783078,0.0,CETN2,6.124314,0.0,SAXO2,7.328775,0.0,SPATA18,6.2723465,0.0,RPS29,0.7251451,1.256425372890093e-106,RBM47,2.6090324,4.1575108721000284e-243,XAF1,4.531561,0.0,KCNN3,8.416407,5.3452590203155465e-124
APOD,3.9123566,0.0,EPHX1,2.0767627,0.0,LDHA,2.0050673,0.0,B4GALT5,2.9965265,0.0,CYB5A,2.6818714,0.0,RPL39,1.2324945,0.0,SFN,3.287819,0.0,RPL21,1.213229,0.0,S100P,4.067222,0.0,RPL41,0.7983359,0.0,EPCAM,3.6140223,0.0,DANT2,1.7122037,3.9455888627908715e-11,XAF1,3.0091069,0.0,ATP1A1,0.5489513,0.0,CKS2,4.075827,0.0,APP,1.282197,0.0,FERMT1,4.558953,0.0,AGR3,9.431816,0.0,AGR3,6.9857326,0.0,NPHP1,6.4446564,0.0,RPS8,0.65550554,1.0496038675255128e-102,SCGB1A1,2.920908,1.5167401580371488e-238,PDLIM1,2.3905058,0.0,B3GNT2,3.6947803,6.347381729215018e-118
PSAP,1.4146471,0.0,S100P,3.684862,0.0,ATP1B3,2.2651606,0.0,NCCRP1,4.161212,0.0,DHCR24,1.8530403,0.0,RPL12,1.3693882,0.0,IGFBP6,5.0252466,0.0,ALOX15,4.2053,0.0,BIRC3,4.3430295,0.0,ATP6V0E1,1.2995766,0.0,SLC44A4,4.340788,0.0,C5orf17,2.067946,3.854931589775105e-10,SCGB3A1,3.2274227,0.0,COX6A1,0.43904063,0.0,NPM1,1.3530204,0.0,MYH9,1.9081273,0.0,NUPR1,4.6316214,0.0,C20orf85,10.693224,0.0,CTXN1,6.297374,0.0,MAP3K19,7.728143,0.0,GPX3,2.0536034,2.4629947631510013e-102,NUP210L,8.336074,7.51956541828727e-235,DDX60L,5.378001,0.0,PHLDA1,3.3357992,1.3343550751522373e-115
ARPC2,1.4072305,0.0,ALOX15,3.6754527,0.0,PFN1,1.3608811,0.0,CCND1,2.2449033,0.0,GOLM1,3.4312341,0.0,HSPB1,1.357063,0.0,CEP55,7.5279207,0.0,RPL41,0.9472005,0.0,COPB1,2.4720228,0.0,CAMK2N1,2.2852077,0.0,EPHX1,2.3670983,0.0,RIMS1,1.6315374,2.5892747548676915e-09,MSMB,3.8998017,0.0,GRN,0.7272838,0.0,UBE2T,5.110835,0.0,CD44,3.0154812,0.0,MMP2,5.457294,0.0,SPATA18,8.331673,0.0,SPA17,5.818285,0.0,SPATA17,7.118019,0.0,RPL37,0.8397995,4.6704463304693066e-101,SCARB1,5.3422613,3.8357491882018437e-227,CXCL11,8.439823,0.0,GPRC5B,3.8218443,1.484654743681099e-114
TPI1,1.4242691,0.0,CPD,1.7828435,0.0,TPT1,0.95432425,0.0,CYB5A,2.3710353,0.0,TGM2,4.4955363,0.0,ACOT7,3.2408688,0.0,LMNB1,6.5582767,0.0,RPL37A,1.0816524,0.0,EIF2S2,1.5174143,0.0,MDK,2.4873538,0.0,HLA-DRB1,4.201781,0.0,LINC00278,1.9334353,1.7451914127500785e-08,SAA2,3.8637083,0.0,CP,2.1827102,0.0,ANLN,6.457235,0.0,CDH3,1.7425953,0.0,ACTB,1.150528,0.0,DYDC2,10.49392,0.0,ARMC3,7.372271,0.0,CLMN,5.5445704,0.0,CLCA2,2.701803,3.527935752853355e-100,HHLA2,6.352293,6.944021646163889e-227,GBP4,5.7071323,0.0,ASCL3,11.179291,5.639001237255294e-113
DKK3,5.1144695,0.0,CLDN4,3.204807,0.0,LOXL4,4.0652466,0.0,JUND,1.8565165,0.0,EPHX1,2.494375,0.0,RPS3,1.3047838,0.0,TUBB6,3.8802512,0.0,RPS13,1.1377518,0.0,SPINT1,1.5216042,0.0,RPL37A,0.88644224,0.0,GSTA1,4.4631867,0.0,ANKRD36C,0.7325232,1.209475369626882e-07,RARRES3,2.4173756,0.0,ELF3,1.608646,0.0,MT1X,1.9652745,0.0,ITGB1,1.5582442,0.0,SLC3A2,3.5015044,0.0,RRAD,9.961325,0.0,CFAP300,6.575369,0.0,TUBB4B,3.0992556,0.0,RPS15A,0.94357526,5.985553051384081e-99,TESK2,5.9676633,3.101133189922015e-223,STARD5,5.09782,0.0,MARCKSL1,2.672876,2.9656706286789847e-111
LOXL4,4.258616,0.0,CP,3.4166827,0.0,SERPINB5,3.5949523,0.0,MAL2,2.4830952,0.0,MUC5B,5.6651216,0.0,RPL5,1.198756,0.0,TPX2,6.566959,0.0,GLUL,1.5047498,0.0,PTP4A2,1.7517889,0.0,HIST1H2BD,2.6624284,0.0,S100P,4.242371,0.0,MBOAT1,1.317674,2.6843100433318273e-06,BPIFA1,3.3018227,0.0,MUC1,1.8837373,0.0,LMNB1,6.094023,0.0,LAMB1,3.8519242,0.0,ITGB4,4.096432,0.0,IQCG,8.381311,0.0,PLAC8,5.435146,0.0,WDR78,6.7594395,0.0,RPL32,0.8638876,8.410334404039074e-99,ASH1L,3.3339305,5.7040347054645876e-207,NUPR1,4.7406516,0.0,DMRT2,6.4538317,1.887451350528085e-110
MMP13,5.191002,0.0,SLC15A2,3.1363246,0.0,MT2A,2.4471915,0.0,XBP1,3.072962,0.0,RARRES3,3.254477,0.0,RPL27A,1.1012933,0.0,ITGB1,1.9412171,0.0,RPS2,1.26168,0.0,SLC1A5,2.5040312,0.0,ATP6V1G1,1.3144739,0.0,ALDH1A1,3.2485137,0.0,AC005699.1,1.2395664,5.320362138465063e-06,MX1,3.3928952,0.0,ERBB3,2.0514245,1.6652303119399237e-284,MAD2L1,5.9156466,0.0,ITGA6,3.7546682,0.0,AXL,5.6123557,0.0,SPATA17,9.320095,0.0,CCDC17,7.2207775,0.0,CASC1,7.37161,0.0,RPS20,0.75383604,2.791965695029425e-98,BICRAL,5.014849,4.2921819298970956e-197,SAMD9L,5.049235,0.0,SLC43A2,3.7837837,1.0010914883254369e-104
CMTM3,4.593715,0.0,NDRG2,3.1286328,0.0,TINAGL1,3.0478444,0.0,DUSP1,2.9432027,0.0,TMC5,4.585547,0.0,TXNDC17,2.0640185,0.0,BIRC5,7.4927964,0.0,RPL7,1.3447505,0.0,CSTB,1.7258732,0.0,COMT,1.3365319,0.0,VMO1,4.750398,0.0,CA3,1.5427542,0.0001619833891081857,IFITM2,2.186552,0.0,ALCAM,0.25484574,2.1553400498300267e-277,HMMR,6.970657,0.0,TNC,3.5676792,0.0,APP,1.7808867,0.0,IFT57,6.5648775,0.0,C5orf49,7.5695205,0.0,PIFO,7.1570396,0.0,LDHA,1.2647983,2.943210730959112e-98,AC108134.2,7.108013,1.420094577992662e-183,FYB1,4.3485904,0.0,LRMP,3.8880787,1.5457363869948694e-103
ACTN1,3.19014,0.0,SLC9A3R2,2.8062186,0.0,PRXL2A,2.8691893,0.0,CP,3.6895616,0.0,FUT2,4.277647,0.0,RPL4,1.3131529,0.0,MCM4,4.691698,0.0,DHRS9,2.840496,0.0,KRT7,2.1551788,0.0,UQCRQ,1.1867585,0.0,LY6E,2.036135,0.0,ERBB4,0.97838414,0.000743607452402325,IFIT2,4.2502856,0.0,LDLR,0.8406354,1.772845484517332e-270,TUBA1C,2.5834198,0.0,CD109,3.627016,0.0,MSN,4.597273,0.0,EFCAB1,10.037746,0.0,CCDC170,7.188354,0.0,DNALI1,6.491819,0.0,RPL37A,0.7296801,5.989103651404577e-98,C2,6.185183,5.239076355114901e-183,DDX60,5.1139,0.0,KRT18,2.2552774,8.916239138656516e-103
CD81,2.1603577,0.0,CAMK1D,2.493803,0.0,TMSB10,1.2903509,0.0,GOLM1,3.027388,0.0,IL1R1,4.4215283,0.0,CRABP2,2.1588757,0.0,COL17A1,5.004576,0.0,SCEL,3.2520502,0.0,ZC3H12A,3.4045806,0.0,RPL34,0.88532007,0.0,CTSC,2.452877,0.0,NR6A1,0.99826884,0.0012797339143741965,TNFSF10,1.722572,0.0,AHNAK,0.6655097,1.6875060098153253e-240,MCM4,4.653679,0.0,COL7A1,4.61189,0.0,CDH3,2.5249436,0.0,RSPH4A,10.536064,0.0,CETN2,4.3121595,0.0,DNAH5,6.1884694,0.0,RPS18,0.85611033,1.1543437177819606e-96,AC027117.2,4.6957603,1.6970638726589754e-180,CMPK2,5.7077975,0.0,PPDPF,1.0329949,9.791681984773995e-103
CD44,3.815972,0.0,TCN1,3.2101579,0.0,TNFRSF21,1.9841695,0.0,ELF3,2.5940773,0.0,RDH10,4.057856,0.0,RPS29,1.0335206,0.0,TK1,6.719773,0.0,RPS23,1.3670071,0.0,APOL6,3.1381817,0.0,DEFB1,3.1161966,0.0,ASAH1,2.30045,0.0,ADARB2,0.99378073,0.012568507729809775,HLA-DRB1,3.31487,0.0,DHCR24,0.4561619,1.4369775547743401e-226,THBD,4.955787,0.0,AHNAK2,3.7926443,0.0,PLEK2,4.668335,0.0,C5orf49,10.196649,0.0,RSPH4A,7.480855,0.0,CCDC173,7.320861,0.0,SFN,2.083365,1.5516581846332284e-96,NEAT1,1.0918095,3.3360056634793803e-178,TAP1,4.080485,0.0,PLEKHB2,1.8616855,5.870795128094145e-102
DST,4.433833,0.0,ASAH1,2.0187538,0.0,LGALS1,4.9148498,0.0,TGM2,3.8040357,0.0,DUSP4,4.2168307,0.0,EEF1B2,1.444527,0.0,HNRNPA3,1.724855,0.0,GSTP1,1.0571246,0.0,B4GALT1,1.8476741,0.0,CXCL1,3.0481162,0.0,SLC34A2,4.571053,0.0,AC105402.3,0.6415975,0.028833904106227524,NCOA7,1.7568762,0.0,EPHA2,0.92062426,3.655909642950224e-226,SERPINB2,5.094653,0.0,IGFBP2,2.9026768,0.0,PPP1R18,4.4168243,0.0,FOXJ1,10.138959,0.0,FAM81B,7.5138903,0.0,EFCAB1,7.2709527,0.0,RPS13,0.7657648,4.704291809801443e-96,BMPR2,2.4610467,1.1484302142987947e-177,OPTN,2.994804,0.0,HIPK2,2.776331,1.6122071151761445e-101
CD109,4.30833,0.0,LGALS8,1.5284543,0.0,JAG2,4.200752,0.0,CLDN4,3.4307811,0.0,NR4A1,4.6893783,0.0,RPS23,1.3467722,0.0,GJB2,4.0489645,0.0,S100A9,2.7701304,0.0,CX3CL1,3.8131096,0.0,SEMA4B,1.4857115,0.0,SERPINB3,3.3321075,0.0,PSCA,0.111870915,0.04084692208360792,ISG15,3.7262328,0.0,INSR,1.6255226,5.426168578259538e-226,PCLAF,6.0035553,0.0,PTK2B,2.862804,0.0,SEMA3C,3.8225677,0.0,SAXO2,10.094629,0.0,DNAH12,6.692233,0.0,WDR66,5.574379,0.0,WNT10A,2.5193634,9.43135918932804e-96,FBXL20,4.4083824,6.51082081878246e-174,IGFBP2,3.953229,0.0,FOXP1,3.1019,2.804565940408015e-100
GPX3,3.4011319,0.0,FUT2,3.2965586,0.0,KRT6A,3.7051487,0.0,MUC1,3.2972772,0.0,VSTM2L,4.1245236,0.0,RPS27A,1.1083697,0.0,DST,4.3565435,0.0,RPL34,1.0795912,0.0,CCPG1,2.4851544,0.0,SERPINB13,2.6553555,0.0,MUC5B,5.046481,0.0,SDK1,0.97681886,0.04661774150460649,LGALS3,1.3616238,0.0,DDX17,-0.061267946,1.7251770708575693e-216,TUBB,2.099817,0.0,GRN,1.0720123,0.0,PRNP,3.1036828,0.0,TUBB4B,4.79007,0.0,TEKT1,7.2845993,0.0,CFAP45,7.4992385,0.0,RPL34,0.7330615,1.1391232725565053e-94,HSP90AA1,0.70169824,6.57201723354488e-173,EIF2AK2,3.2957592,0.0,TP53INP2,2.9762836,1.7754551186080093e-97
COL17A1,5.032706,0.0,A4GALT,2.374375,0.0,DLK2,4.7446227,0.0,SRD5A3,2.8959053,0.0,MSMB,4.882013,0.0,PERP,1.2723601,0.0,PPIA,1.0346476,0.0,RPL27A,1.1020708,0.0,PTGS2,4.5220346,0.0,TNFSF10,1.658069,0.0,GOLM1,3.1203425,0.0,MAPK10,0.67328364,0.0749419659941721,IFIT3,3.3004987,0.0,BPIFA1,1.79724,5.631799299855058e-211,RRM2,6.830665,0.0,APLP2,0.7325253,0.0,ITGA5,4.668955,0.0,CCDC173,9.821674,0.0,TUBA1A,5.8610797,0.0,SPAG1,5.0132074,0.0,RPL27,0.90752995,3.165536630060478e-94,RAB44,8.509308,2.6950155190194925e-172,IFI35,4.983289,0.0,H3F3B,1.1316758,1.8115313210293282e-97
ENO1,1.5409291,0.0,SYTL5,3.398625,0.0,IGFBP2,3.4115624,0.0,ASS1,2.8548005,0.0,SAA1,4.1082335,0.0,RPS3A,1.273202,0.0,ANLN,6.7432537,0.0,GPX2,3.3250592,0.0,SAT1,1.5831044,0.0,CXCL17,2.3568895,0.0,RDH10,3.7723591,0.0,LINC00894,1.025769,0.11136218082445752,PIGR,3.7017446,0.0,PRRC2C,0.2825571,3.3683475652144936e-197,CKS1B,4.102066,0.0,FAT2,3.6921055,0.0,FN1,7.7233214,0.0,MLF1,8.118003,0.0,LRRIQ1,6.6219254,0.0,PCM1,3.6089292,0.0,RPS25,0.9269271,3.7519961328335927e-94,C2orf42,5.0228996,1.2065542899173315e-163,IGFBP7,3.939448,0.0,SLC4A11,3.5775397,6.437109819237204e-97
IGFBP6,4.922962,0.0,SORD,2.331366,0.0,SPATS2L,1.7711884,0.0,CD74,2.5608068,0.0,ASAH1,2.3330564,0.0,RPL41,0.90783566,0.0,TPM3,1.4777727,0.0,RPL19,1.2197942,0.0,SLC6A9,4.177941,0.0,CCND1,1.7107909,0.0,LMO4,2.5318022,0.0,AF130359.1,1.9569161,0.16142749470213355,HLA-B,1.6187102,0.0,LRP10,0.25321344,1.1472231511044974e-196,SLC25A5,1.6225989,0.0,KRT5,3.007648,0.0,DKK3,5.2428794,0.0,CCDC113,9.189292,0.0,PPIL6,6.820227,0.0,CCDC78,7.2223415,0.0,S100A11,0.5413366,3.4904805471491614e-93,NFAT5,2.7640445,7.836628684281371e-163,PARP9,3.3711183,0.0,H2AFY,1.2419492,1.69565041873292e-93
CALD1,3.9427822,0.0,RHOV,3.2643402,0.0,RPS6,1.0248314,0.0,PIGR,4.2718887,0.0,RHOB,3.30147,0.0,RPSA,1.4117589,0.0,PTMS,2.4738266,0.0,RPL9,1.0848256,0.0,YARS,3.11078,0.0,PLAU,2.534165,0.0,CREB3L1,4.4516907,0.0,LINC01876,0.85776144,0.22193571856553773,CXCL8,3.565972,0.0,SPINT1,-0.016490193,1.985890081099075e-185,PPIA,1.040331,0.0,BCAM,3.3078065,0.0,COL17A1,5.011437,0.0,LRRC46,10.171501,0.0,EFHC1,5.793523,0.0,CCDC40,6.8934455,0.0,RPLP1,0.7961205,1.7090616017012713e-92,LUCAT1,4.456707,6.010193214921915e-161,MT2A,2.708221,0.0,ATP7A,4.0284204,6.391981222702233e-92
RAC2,3.6590745,0.0,MGST1,1.3890649,0.0,PRNP,2.7972133,0.0,SLC6A14,3.6809933,0.0,HLA-DPA1,4.8100195,0.0,RPL35A,1.2013836,0.0,SLC7A5,4.430949,0.0,S100A14,2.296049,0.0,IRS2,3.4499912,0.0,RPL39,0.98757994,0.0,ST6GALNAC1,2.9269567,0.0,AC004951.1,1.6561725,0.23352938887930255,MX2,3.6072168,0.0,BPIFB1,1.9015357,1.553151612643413e-183,CCNA2,6.818839,0.0,DSP,1.2543423,0.0,MT2A,2.6617558,0.0,AC007906.2,9.887681,0.0,FAM166B,7.375543,0.0,ERICH3,7.6171207,0.0,EEF1A1,0.4520384,7.291866640144912e-92,ZNF609,2.3955011,9.088555287151251e-153,APOL1,3.3648124,0.0,POU2F3,6.3694673,2.5860724537496073e-91
PDPN,4.847215,0.0,S100A4,2.7012267,0.0,NAP1L1,1.3473039,0.0,HLA-A,1.1503975,0.0,EPCAM,3.529833,0.0,RPL13,1.2839493,0.0,SCD,2.9595976,0.0,KLK10,2.9036126,0.0,ASS1,2.8298202,0.0,ATP6V1F,1.3732157,0.0,MGST1,1.5624436,0.0,MAPK15,0.99194765,0.2927785885903944,ASS1,2.2643495,0.0,CTSD,0.27445018,3.0776885129657773e-180,KIF20B,5.4357405,0.0,ATP2A2,0.78455985,0.0,COL7A1,5.040513,0.0,CC2D2A,8.3995905,0.0,SPATA17,6.6373234,0.0,LRRC23,5.8611093,0.0,RPL6,0.7246187,2.766797977743595e-91,GIPC2,5.3813653,4.595989782596038e-146,IRF7,4.7412972,0.0,MRPS10,1.9404981,1.7550464851430015e-89
PHLDA1,4.0649104,0.0,GABRP,3.563439,0.0,TIMP3,4.079475,0.0,CD24,1.3678224,0.0,ALDH2,2.6922283,0.0,RPL26,1.4762851,0.0,ANP32B,1.6266788,0.0,RPS11,1.117623,0.0,PRSS8,2.9613338,0.0,EIF4A2,1.1985296,0.0,CYP4X1,3.1533606,0.0,NOS1AP,0.8708257,0.3330547342010102,CEACAM6,3.6956673,0.0,MUC16,2.3203118,1.2350081596449762e-179,CENPU,5.3051133,0.0,SH3PXD2A,2.5371232,0.0,MMP14,3.3809366,0.0,CFAP300,8.891843,0.0,TUBB4B,3.1193044,0.0,WDR63,6.6366754,0.0,TP63,2.354412,2.0396114716748834e-90,ICAM1,3.988894,3.290231184126771e-136,ISG20,4.9886255,0.0,SEC14L1,2.1449885,2.0215046257688935e-89
FABP5,3.9798243,0.0,BCL6,2.7869623,0.0,ARPC2,1.2878737,0.0,KRT7,2.0723233,0.0,CYP4X1,3.2358956,0.0,RPL31,1.0915759,0.0,PCLAF,6.228891,0.0,EEF1A1,0.686971,0.0,GPCPD1,3.3417163,0.0,RPL38,1.059153,0.0,NUCB2,3.1018262,0.0,AC007255.1,0.95958817,0.33711452983901447,SAT1,1.3344305,0.0,SON,0.07613587,4.39914310839487e-179,DUT,2.769668,0.0,TENM2,4.597859,0.0,EIF1,1.3617792,0.0,CCDC146,7.5725927,0.0,CCDC146,5.311081,0.0,BBOF1,6.4582987,0.0,CD44,2.3721116,2.056620526590877e-90,COL9A1,7.035,1.617622894654302e-131,APOL2,4.0498867,0.0,MT-CO2,0.44018736,4.1105552513162546e-89
JAG2,4.3248987,0.0,H3F3A,0.8893106,0.0,LAMA3,3.8462014,0.0,HLA-B,1.9220423,0.0,DUSP1,3.1135275,0.0,SERPINB2,4.1688423,0.0,KRT6A,3.8236277,0.0,RPS4X,1.2449459,0.0,TMEM106B,2.3646202,0.0,CASP4,1.7240394,0.0,FOS,2.1941047,0.0,AC005224.3,3.3588772,0.3381511017414838,CSTB,1.3497343,0.0,FASN,1.1214695,5.928898651922635e-168,SMC2,4.3969474,0.0,SPTBN1,1.548206,0.0,PALLD,3.2201717,0.0,TEKT1,9.9893875,0.0,CC2D2A,5.9380646,0.0,NEAT1,2.687323,0.0,RPS28,0.8252796,2.056620526590877e-90,POLG2,4.884198,1.0697163515365469e-129,APOD,3.9687026,0.0,ATP6V1F,1.5094844,8.32141922401001e-88
BCAM,4.044909,0.0,REEP3,1.7735753,0.0,TXNDC17,2.060898,0.0,CYP4X1,2.9580605,0.0,VMO1,4.763108,0.0,RPL21,1.1494982,0.0,CAVIN1,4.7122135,0.0,RPSA,1.4274628,0.0,SLC7A5,3.7588935,0.0,RPS24,0.82718086,0.0,TSPAN13,2.5963845,0.0,AL136382.1,1.2310617,0.34211913135148847,CD74,2.1264598,0.0,DDR1,-0.12287489,6.523317582240882e-160,SERPINB5,3.5092914,0.0,CDK6,1.9115517,0.0,IL1A,5.2357497,0.0,CCDC65,10.2636795,0.0,RRAD,6.891669,0.0,MAP1A,7.7483582,0.0,FSCN1,2.4343753,3.7833813042070766e-90,TANGO6,4.3858566,3.7573699777560863e-128,SPATS2L,1.9104174,0.0,TSPAN6,2.0159323,8.780546321642578e-88
SHC1,3.3297372,0.0,VTCN1,2.8396964,0.0,RPS5,1.2571478,0.0,SLC44A4,3.9842334,0.0,CD55,3.908702,0.0,RPL29,1.4093919,0.0,KRT5,3.4988234,0.0,CLDN8,4.385237,0.0,ADM2,5.8751,0.0,APOL1,1.9759603,0.0,CD55,3.750702,0.0,LINC00685,1.3837421,0.3657945323063417,IFI44L,3.446442,0.0,SLC34A2,1.9118685,7.817936875565435e-157,AKR1B10,4.184253,0.0,EGFR,1.9457997,0.0,CD44,3.791976,0.0,LDLRAD1,9.072964,0.0,CCDC65,7.2737994,0.0,DNAH3,7.147396,0.0,MT1E,1.9224987,6.170868526586897e-90,BPIFA1,2.0765305,3.9979554151164085e-128,NPC2,1.7926328,0.0,DUSP4,3.0327706,2.060719580494709e-87
PGAM1,1.9255338,0.0,RAB25,1.9372818,0.0,PTK2B,3.11258,0.0,AMOTL2,3.2620022,0.0,PSCA,4.8911247,0.0,ZYX,1.8587765,0.0,SMC2,4.3551664,0.0,RPS3A,1.2740967,0.0,GULP1,3.7404897,0.0,ZFAS1,1.3943954,0.0,STEAP4,4.250935,0.0,LINC00342,0.84947133,0.3972887159780123,IFIT1,3.575928,0.0,APLP2,-0.14387472,6.609504769610594e-154,H2AFX,4.6638083,0.0,LAMA5,2.0050168,0.0,PDPN,5.17999,0.0,WDR63,9.10775,0.0,WDR78,6.3099985,0.0,RSPH4A,7.294605,0.0,FABP5,2.2759402,2.0673009885583165e-89,RELB,4.7864604,7.093555358197648e-128,HERC6,4.4158373,0.0,GNAS,0.98594505,6.333470101174388e-87
TIMP1,3.2150097,0.0,XBP1,2.6893837,0.0,SHC1,2.9786162,0.0,PRSS22,2.8056653,0.0,BPIFA2,4.668576,0.0,RPS18,1.2384076,0.0,DNAJC9,3.7101533,0.0,RPL32,1.2059443,0.0,SARS,2.4706047,0.0,RPL37,0.9473788,0.0,BPIFA2,4.3959756,0.0,FAM160A1,0.7596118,0.527164231194352,DNAJA1,1.2564521,0.0,GOLGB1,0.5664991,1.021041180209321e-151,PBK,6.74796,0.0,HSPG2,3.1703575,0.0,ITGA3,3.539172,0.0,CFAP298,6.072768,0.0,IQCG,5.7594657,0.0,DTHD1,7.3615236,0.0,RPL9,0.7485869,2.2731158683943395e-89,DIP2B,3.069695,3.6660797931619317e-119,NUB1,2.9380002,0.0,SRP14,1.1720078,2.1706428938540648e-86
LPCAT2,3.9425166,0.0,AGR2,2.7633858,0.0,RBBP8,2.8624656,0.0,PSCA,4.3477244,0.0,ST6GALNAC1,2.957222,0.0,RPS13,1.057259,0.0,UBE2T,4.8677025,0.0,RPS16,1.0704063,0.0,CLDN7,2.2477624,0.0,FBLN1,2.021739,0.0,TMEM59,1.4715372,0.0,TPPP3,0.6197202,0.5465336947806083,LY6E,1.3815159,0.0,PRSS22,0.814166,2.5304655062223444e-151,NCAPG,6.679217,0.0,MYO1B,1.3902105,0.0,CLIC4,3.7602332,0.0,CCDC17,9.824884,0.0,MS4A8,6.883585,0.0,IQCG,5.8318243,0.0,RPL41,0.64399135,3.4298967391268325e-89,DENND5A,4.071116,2.57971408015728e-118,PLSCR1,2.8969402,0.0,SKAP2,2.3621314,2.157015378325024e-85
GPNMB,4.5888443,0.0,CHST9,2.9489594,0.0,S100A11,0.8187861,0.0,B3GNT7,3.4630785,0.0,FOS,2.2179527,0.0,FABP5,3.4477909,0.0,TUBA1C,2.445089,0.0,RPS12,1.2580707,0.0,SRD5A3,2.8194573,0.0,TMBIM1,1.5101409,0.0,SCNN1A,2.3472712,0.0,AC112518.1,0.93229496,0.5848309411282486,RARRES1,3.5060377,0.0,TNFAIP2,1.8149444,2.119467754384333e-149,TK1,5.8373275,0.0,JAG1,2.488591,0.0,ITGA6,4.486414,0.0,C11orf88,10.448451,0.0,NME5,6.217294,0.0,MNS1,6.9994903,0.0,RPL39,0.8286392,1.6729773468337553e-88,ITFG2,3.7316658,1.3132545371105115e-117,LIPA,2.988458,0.0,COX8A,1.3625401,2.7684794469041664e-85
FBXO32,3.9240026,0.0,ST6GAL1,2.3632073,0.0,IGFBP7,3.5667195,0.0,FAM107B,2.9425054,0.0,GABRP,4.350857,0.0,RPL7A,1.3736051,0.0,NCAPG,7.333831,0.0,GLTP,2.3478553,0.0,SHMT2,2.9853551,0.0,EEF1A1,0.52795446,0.0,RHOB,3.0302484,0.0,CCSER1,0.7628329,0.6204337463780789,S100A6,1.015838,0.0,EPAS1,0.2528384,3.929318879230169e-140,S100A16,1.9884098,0.0,SEMA4B,0.96279365,0.0,SPHK1,5.3380423,0.0,DNAJA4,5.881104,0.0,CCDC173,6.882335,0.0,CCDC114,7.150644,0.0,KRT6A,2.3070667,6.148770892882325e-88,RERE,1.5490215,8.610078392510298e-115,LAMP3,5.267892,0.0,LGALS3,1.2921898,7.08135800877911e-85
CDH3,2.1912196,0.0,IDH1,1.9399506,0.0,PLEKHA1,2.452213,0.0,SCGB3A1,3.322586,0.0,ATP1B1,1.5002207,0.0,ARPC2,1.1935807,0.0,GGH,4.2540336,0.0,KRT19,0.74186367,0.0,MARS,2.7866514,0.0,TMPRSS4,1.3945913,0.0,TNFAIP2,3.9140565,0.0,NC_026434.1,-0.18954541,0.6663532558607773,PPDPF,0.9863193,0.0,ACTN4,-0.2196283,1.2028402018442484e-134,CENPF,6.3656635,0.0,LOXL2,3.5325017,0.0,STC2,5.916543,0.0,CDHR3,9.177809,0.0,CDHR3,6.3462925,0.0,AKAP9,3.1541047,0.0,RPL5,0.8374154,9.208485703290946e-88,BTBD2,1.9880915,3.757817590722088e-114,SP100,2.4648416,0.0,PRDX2,1.384031,4.193451433438814e-84
MARVELD1,4.4263115,0.0,CLDN7,2.1309612,0.0,TKT,1.8413378,0.0,BPIFB1,3.7141168,0.0,SLC15A2,3.5069833,0.0,YWHAZ,1.0248761,0.0,S100A10,2.6582558,0.0,TXN,1.6562028,0.0,IL32,4.388969,0.0,PRSS22,2.284542,0.0,B4GALT5,2.8989224,0.0,AC092535.3,1.2495544,0.715763178523781,MT-ND3,0.576921,0.0,SREBF2,0.070289366,2.1368351727391994e-126,SRSF2,2.106223,0.0,PTPN14,3.0397475,0.0,PHLDA1,4.1964526,0.0,ALDH3B1,7.5549345,0.0,DNAAF1,6.486924,0.0,ENKUR,6.9668636,0.0,RPL30,0.7374153,4.255727991348063e-87,AGBL2,5.0044165,5.037063869086903e-114,PLEKHA4,4.936594,0.0,HSBP1,1.3708653,7.310976034049848e-84
FLNA,4.1416373,0.0,SLC44A2,2.3136606,0.0,CRIP2,3.2693675,0.0,PNPLA2,2.5521078,0.0,MDK,2.9631083,0.0,RPL9,1.0202821,0.0,PRR11,6.271567,0.0,RPL13,1.2775743,0.0,CXCL1,3.9588225,0.0,PON2,1.417523,0.0,TMC5,3.982105,0.0,LINC00893,1.3523158,0.7804501773830445,PDZK1IP1,3.1437187,0.0,PSCA,2.064147,2.4104425980022656e-123,PCNA,3.3560884,0.0,CAVIN1,2.958017,0.0,MAP1LC3B,2.3864923,0.0,MNS1,9.559132,0.0,CABCOCO1,7.0454583,0.0,CFAP157,7.192568,0.0,MMP2,2.3378985,5.03286539282462e-87,MRTFA,3.761064,1.3636291845590608e-112,CNP,3.4142373,0.0,COX6C,1.2646346,8.55767096234148e-84
SNCA,4.48095,0.0,ALDH1A1,2.689482,0.0,RPL13,1.3179672,0.0,ADAM9,1.9303114,0.0,FAM107B,3.109629,0.0,SH3BGRL3,1.8323883,0.0,CENPU,5.2932425,0.0,DBI,1.7405933,0.0,SAA2,4.0539093,0.0,CYP1B1,2.8198261,0.0,ALOX15,4.0238433,0.0,AC004053.1,1.1168777,0.8044664927032009,XBP1,2.281249,0.0,CAPN2,-0.44067514,1.0239351503844297e-120,S100A14,2.3844755,0.0,FAT1,2.7407122,0.0,ITGA2,3.1953816,0.0,EFHC1,8.091715,0.0,FOXJ1,6.8755,0.0,MT-ND2,2.0814083,0.0,CCND2,2.1165764,7.786210426852391e-87,SCAI,4.5438976,3.7060615988503045e-111,USP18,4.9035254,0.0,ABHD2,2.326463,4.106764319354063e-83
EEF1A1,0.7448466,0.0,SPINT1,1.2731313,0.0,S100A14,2.2262914,0.0,DUSP5,3.0487494,0.0,ELF3,2.6503997,0.0,RPLP1,1.0984691,0.0,H2AFV,2.2787995,0.0,RPL31,1.0872005,0.0,TARS,2.5413365,0.0,COX7C,0.9505699,0.0,GABRP,4.1877284,0.0,LRRC74B,0.7000833,0.8570486277005809,MT-ND1,0.61735094,0.0,FOS,0.3507673,1.7220837249536757e-119,CDK1,6.196149,0.0,MRC2,3.7800744,0.0,G0S2,6.632728,0.0,BBOF1,8.601286,0.0,B2M,1.5743765,0.0,AK9,5.686297,0.0,MMP13,2.4641125,8.292494083890795e-87,AL139317.5,6.574083,1.592648208992547e-108,CD81,2.1239786,0.0,PRDX5,1.0616573,1.1139571805391156e-82
PRNP,2.8874805,0.0,KLK11,2.700856,0.0,ANXA2,0.85307974,0.0,TTC9,3.243989,0.0,MUC16,4.0752964,0.0,GPX3,2.8457522,0.0,RANBP1,2.6552186,0.0,ADH7,3.8180268,0.0,SLC38A1,2.071546,0.0,PGM2,2.0255065,0.0,ATP1B1,1.4281496,0.0,AC096642.1,1.6193839,0.8617990650137914,PSME2,1.5206034,0.0,NC_026433.1,0.18029521,7.09627681263672e-110,UBE2S,4.1201487,0.0,TLN1,1.5210285,0.0,MYL9,5.0867786,0.0,ZBBX,9.471415,0.0,CFAP73,6.746967,0.0,CC2D2A,5.9252944,0.0,ITGB1,1.0095588,1.2906218054513187e-86,AFF4,1.3559045,8.94255133578154e-102,IFI44,4.3924236,0.0,TSPAN14,1.8633646,2.4620382954362922e-82
TPM1,3.0780563,0.0,GSTA1,3.4053292,0.0,RPS8,0.9415597,0.0,KLF6,1.9229187,0.0,CLINT1,2.015145,0.0,RPS4X,1.1925337,0.0,NUCKS1,1.5224597,0.0,RPL7A,1.3863921,0.0,TNFAIP2,3.7216268,0.0,SERPINB6,1.507469,0.0,DUSP1,2.8792346,0.0,AC104123.1,0.6905645,0.8729439697509115,MT-ND4,0.68125,0.0,SRRM2,-0.17518845,1.3533284684443574e-103,CCNB1,5.6349473,0.0,LAMC1,2.4446957,0.0,BASP1,3.4336596,0.0,PRDX5,2.3380837,0.0,IFT57,4.308665,0.0,LRRC46,7.0145326,0.0,UBA52,0.9590395,3.2085986356939002e-86,AC007952.4,4.983653,1.632397394964387e-101,TIMP1,3.3594086,0.0,HSP90AA1,0.68854225,1.4838995832704878e-81
TPT1,0.9262506,0.0,ARRDC3,2.3381274,0.0,EEF1A1,0.68029886,0.0,TNFAIP2,3.641072,0.0,PRSS23,2.3411105,0.0,ZNF385A,2.7582872,0.0,CDK1,6.390435,0.0,SERPINB4,3.7449048,0.0,CDKN1A,1.9221898,0.0,C2CD4A,3.6896524,0.0,SLC4A4,3.954799,0.0,RANBP17,0.71622676,0.8739778348514814,SERF2,0.9204859,0.0,CLTC,-0.5562447,7.058553129380139e-103,RAN,1.5585521,0.0,ACTN1,1.484587,0.0,SLC38A2,2.2350664,0.0,CABCOCO1,9.885267,0.0,CASC1,6.637183,0.0,RFX2,5.7998405,0.0,RPL10,0.7637092,3.4085460237854325e-86,SCGB3A1,1.9307162,1.814286239256287e-101,HERC5,5.5181274,9.594056622155421e-308,COX6A1,0.9097607,1.575002469695031e-81
PLP2,4.140953,0.0,LAPTM4A,1.2673361,0.0,ANKH,3.6478071,0.0,EPCAM,3.163461,0.0,NUCB2,3.0077353,0.0,RPL27,1.244241,0.0,AKR1B10,4.045218,0.0,AQP3,2.1388638,0.0,BRI3,1.7856535,0.0,CDKN2A,2.019447,0.0,SLC15A2,3.3684926,0.0,AC093206.1,2.030137,0.8830961080591554,IFITM1,3.0061548,0.0,APP,-0.12520106,1.2016220063428907e-101,GGH,4.114472,0.0,NEAT1,1.2697762,1.2825864857806314e-308,GLIPR1,4.5918217,0.0,NME5,8.655169,0.0,MNS1,6.555348,0.0,DNAJA4,3.883786,0.0,ANXA2,0.5372154,5.719512286851896e-86,RABGAP1L,1.8858951,1.880719908819862e-97,TNFSF13B,6.105294,3.3387822822467643e-307,COLCA2,3.959416,2.4242536750249548e-80
SPATS2L,1.8028268,0.0,SGK1,2.6572788,0.0,RPS2,1.2225653,0.0,PTGES,2.9372778,0.0,MUC4,3.5420337,0.0,CCND2,3.147438,0.0,MAD2L1,5.7378807,0.0,FAM83A,2.1137514,0.0,IFRD1,3.2011404,0.0,RIPK4,2.1184878,0.0,CHP2,3.9604445,0.0,DNAAF1,0.5651132,0.9327609119667799,MT-CO3,0.52484363,0.0,NC_026432.1,0.15581319,1.5664307073491555e-101,CCNB2,6.2230883,0.0,PLEC,2.590737,5.006951964349426e-308,RBP1,4.2105937,0.0,CFAP73,9.658218,0.0,DNAJA4,3.9074285,0.0,CCDC113,6.456171,0.0,RPL27A,0.7395448,2.5620486610321933e-84,AL136115.2,7.137312,1.9120852732120305e-97,GPNMB,4.8855324,1.8424265289206113e-306,COX7A2,1.2627314,3.4578286684466425e-80
SFN,3.1499865,0.0,SERPINB4,3.180697,0.0,YWHAQ,1.5687602,0.0,CLDN7,2.1869051,0.0,PNPLA2,2.6639328,0.0,PGAM1,1.6974353,0.0,LDHA,1.8620726,0.0,RPL12,1.2936243,0.0,MAFF,3.240969,0.0,IFNGR1,1.8600291,0.0,TMEM45A,3.5448732,0.0,LINC01355,1.1768628,0.950702852706557,MT-CO2,0.48695385,0.0,PSAP,0.34801903,4.74461319823374e-101,SERBP1,1.5509108,0.0,GJB2,2.3027196,6.616858599848719e-305,UPP1,4.750265,0.0,FAM166B,10.098679,0.0,DYNLT1,1.9307196,0.0,TRAF3IP1,4.8750286,0.0,PHLDA1,2.1468534,1.2700587346473115e-83,DNAH12,3.9477158,6.050454882860325e-97,LGALS1,5.1943765,2.931504218557413e-305,MT-ATP6,0.47176886,3.7625992167511644e-80
VIM,5.1842194,0.0,LY6E,1.7036809,0.0,RPL23,1.0878669,0.0,NFKBIA,2.7255094,0.0,B4GALT5,2.948642,0.0,RPS5,1.1659713,0.0,NASP,3.3500276,0.0,RPL18A,1.3412862,0.0,ECE1,2.8378918,0.0,AK3,1.6125189,0.0,SAA1,3.5993402,0.0,AC007038.1,0.8499631,0.9856134044415832,UBE2L6,1.9308566,0.0,NC_026436.1,0.12201404,5.758974916750982e-100,H2AFV,2.2356107,0.0,KRT6A,2.5218198,1.9678144589635214e-301,TPM4,1.6666137,0.0,LRRC6,8.535124,0.0,UFC1,3.1299121,0.0,WDR49,7.4175696,0.0,BCAM,2.131832,4.753522122188779e-83,USP34,2.032838,1.1693037319582014e-96,SLC16A1,3.6477435,1.8795208159281563e-302,NDUFB9,1.667461,4.0106890726325317e-79
FSCN1,3.825145,0.0,SLC44A4,3.592493,0.0,RPL4,1.2882782,0.0,PTP4A2,1.5635728,0.0,LMO4,2.4632432,0.0,UBA52,1.3044797,0.0,CBX3,1.6057397,0.0,KLF5,1.4945614,0.0,WARS,3.0961597,0.0,ARPC3,1.2002325,0.0,IL1R1,3.7309234,0.0,AF212831.1,1.565469,0.9873274727185957,CLDN7,1.7184733,0.0,ACADVL,-0.3679544,4.605025115974281e-99,FGFBP1,4.151761,0.0,TP63,2.8047764,4.0159780384772904e-298,ANXA5,2.0398448,0.0,TUBA1A,8.208614,0.0,LRRC23,5.2760797,0.0,FAM227A,7.0464787,0.0,RPS3A,0.85826415,1.3972333756209886e-82,SPDYA,6.12165,1.3893615802846787e-94,PML,3.5350997,2.3603760496234065e-299,OSBPL3,2.5405893,1.6347760680756708e-78
RBBP8,3.1142228,0.0,KLF5,1.3621702,0.0,YBX1,1.2855971,0.0,VPS13D,2.6176429,0.0,IDH1,2.208035,0.0,TIMP1,2.72874,0.0,YBX1,1.2317293,0.0,RPS18,1.228792,0.0,PRSS22,2.6885567,0.0,OST4,1.2117466,0.0,GSTA2,4.064449,0.0,AL031708.1,1.0962603,0.9999088961271957,TSPAN1,1.5815127,0.0,AKAP9,0.42544538,1.237484103376622e-96,ZWILCH,4.210738,0.0,DGKH,2.2917178,4.4254560554461364e-296,PSAT1,4.9758134,0.0,AK7,9.194725,0.0,OMG,7.2510777,0.0,TNFAIP8L1,6.628661,0.0,RPL10A,0.85482264,1.5482665080333318e-82,STAT3,0.71870947,2.142396493818429e-94,IFI27,4.7925353,1.982952686836504e-298,PLCG2,4.973472,1.6875918855005341e-78
LAMC2,3.377589,0.0,QSOX1,2.005293,0.0,FLNA,3.6929193,0.0,NTN4,2.8340447,0.0,LY6E,1.9353812,0.0,NPM1,1.1883733,0.0,RRM2,7.048754,0.0,RPL22,1.2352023,0.0,H3F3B,1.1020678,0.0,CCNA1,2.472158,0.0,PI3,4.380513,0.0,AC007878.1,1.934613,0.9999088961271957,COX7C,1.0451066,0.0,BHLHE40,-0.28187427,2.805787517937241e-93,DHFR,3.524014,0.0,GALNT2,1.0990939,2.235203054850248e-293,PLP2,4.0532312,0.0,UFC1,4.7566056,0.0,MLF1,5.579397,0.0,LDLRAD1,5.9283113,0.0,RPS12,0.86494845,2.0000544478187608e-82,TULP3,3.305992,1.9974100129202853e-92,LAP3,3.590687,4.350711815608087e-297,DHRS7,1.7374101,1.3127985636981534e-77
FAM3C,1.802037,0.0,PLEKHS1,3.6170206,0.0,GPX3,2.8699546,0.0,CDKN2B,3.221197,0.0,B2M,1.1883394,0.0,RPS15A,1.271093,0.0,CLCA2,4.104647,0.0,RPL27,1.2529283,0.0,TTC9,3.17703,0.0,ATP6V0B,1.3421402,0.0,DUSP5,3.17274,0.0,FAM71F2,0.79005027,0.9999088961271957,MT-ND2,0.57933986,0.0,HLA-A,0.22018136,4.809163391069807e-92,EMP2,3.1315048,0.0,ITGB6,2.0271063,1.1776612192328309e-291,DHRS7,2.4457877,0.0,CASC1,9.45283,0.0,FAM229B,5.5881305,0.0,CDHR4,7.186151,0.0,IGFBP2,1.9995387,2.952243816011837e-82,IRAK2,4.434349,9.695729058049678e-90,TNFSF10,2.3576863,9.884812746554692e-297,MYB,4.806085,1.710209337130468e-77
TPM2,3.4973075,0.0,C3,2.9405773,0.0,LAMC2,3.0779767,0.0,TRIM16,3.0685687,0.0,ARHGDIB,3.4487927,0.0,ATP1B3,1.9331244,0.0,TP63,4.0884504,0.0,ATP5MC3,1.3701679,0.0,AMOTL2,3.0935714,0.0,RPL35A,0.9638559,0.0,ELF3,2.535266,0.0,AC093152.1,0.8576956,0.9999088961271957,MT-CO1,0.53125757,0.0,RDH10,1.0459527,6.71397271383302e-92,NUSAP1,6.290067,0.0,PTHLH,2.9134793,1.885733072980788e-288,PTPRK,3.4269269,0.0,NPHP1,7.944448,0.0,AL357093.2,6.93018,0.0,PPIL6,6.5172143,0.0,RPS24,0.69063944,2.994800830565684e-82,CPEB3,3.4385402,6.735685256743993e-89,GRN,1.7476196,1.2605172005297644e-296,PEBP1,1.0724329,7.745925400457036e-77
RPLP1,1.2125007,0.0,SLC46A3,3.079771,0.0,TGFBI,3.275987,0.0,SYTL2,3.1191707,0.0,NDRG2,3.4107783,0.0,RPL7,1.2490188,0.0,ATP1B3,2.0394897,0.0,RPL23A,1.2461178,0.0,ZFAS1,1.644079,0.0,CHP2,2.6392608,0.0,CYP4B1,3.6980042,0.0,AC097626.1,0.7708933,0.9999088961271957,NFKBIA,2.0025544,0.0,MT-ND6,0.7499764,1.0787058207704475e-90,NCAPH,6.1253185,0.0,MMP2,3.2923827,6.566039255278497e-288,GPNMB,4.7302346,0.0,CFAP53,9.179891,0.0,FAM92B,6.784222,0.0,UBXN11,5.9915795,0.0,CCDC3,2.342233,5.171622663578336e-82,LDHC,7.1213837,7.704852640188147e-89,LDHA,1.9598478,4.142486313315693e-295,SRD5A1,2.673544,3.2862276797706254e-76
TMSB4X,1.1481528,0.0,MUC1,2.9006634,0.0,CD109,3.6497583,0.0,ZMAT3,2.681952,0.0,TSPAN13,2.499308,0.0,RPS12,1.2066708,0.0,RAN,1.5404861,0.0,KLK11,3.1451285,0.0,ATP1B1,1.3894633,0.0,CTSD,1.0889889,0.0,NCOA7,2.0033698,0.0,PRH1,0.7528177,0.9999088961271957,VAMP8,0.98247993,0.0,SCNN1A,0.16338094,6.932249592337359e-90,PAICS,3.2053623,0.0,CLSTN1,1.406794,1.1529016617808042e-284,TRAM1,1.9917519,0.0,CFAP45,9.72641,0.0,UCP2,3.3757014,0.0,DNAI1,6.9602213,0.0,RPL38,0.87515384,2.3531260563269456e-81,KDM2A,1.8041055,3.0617127885305158e-87,SERPING1,4.4514613,4.408500646904683e-294,SLC25A5,1.3386474,1.050066938552798e-75
MFGE8,3.584371,0.0,ID1,1.536412,0.0,MSN,3.6167512,0.0,SLC34A2,3.9762764,0.0,HLA-A,1.1429241,0.0,RPS25,1.2503723,0.0,KIF20B,5.193711,0.0,RPS15A,1.2862965,0.0,WASL,2.1030939,0.0,C9orf16,2.047167,0.0,ALDH2,2.4124625,0.0,AL021707.7,1.2605366,0.9999088961271957,IFI44,2.5997639,0.0,POR,0.61775666,2.187459246733225e-87,SNRPD1,2.1125426,0.0,ACTN4,0.18514346,1.0159212264543307e-279,PLAUR,4.6877794,0.0,TNFAIP8L1,9.167811,0.0,SPAG6,6.6098595,0.0,FAM183A,6.4586673,0.0,FHL2,1.7442219,8.4096610163034985e-81,PHACTR4,1.5621277,5.645393358286333e-85,TENT5A,4.1887712,2.801998604517907e-293,RALA,1.9775007,3.993455062444916e-75
MSN,4.021012,0.0,ATP1A1,1.3993596,0.0,ACTG1,1.0577657,0.0,B2M,1.1061659,0.0,RAB11FIP1,3.5524766,0.0,PPIA,0.91315556,0.0,SRSF2,2.020812,0.0,SERPINB3,3.0760908,0.0,PTTG1IP,1.582746,0.0,TFPI,2.3254561,0.0,SLC9A3R2,2.986459,0.0,AL357552.2,1.7269042,0.9999088961271957,MTRNR2L12,0.86405027,0.0,ATP1B1,-0.20213652,5.052557935309567e-87,DLGAP5,6.6133685,0.0,DSG2,0.5935675,1.0724798805162718e-278,SLC1A5,2.8089051,0.0,IFT22,6.9653735,0.0,CCDC113,5.9619827,0.0,ROPN1L,6.784479,0.0,RPS3,0.8667125,1.933805145539032e-80,RAD9A,3.616587,2.0035322963453717e-82,COL17A1,4.848198,5.9651808052569604e-292,CXXC5,2.065625,9.604958347551112e-75
BASP1,3.2842934,0.0,RARRES3,2.4415786,0.0,NGFR,4.006631,0.0,ZFP36,2.1033862,0.0,CLIC6,3.9272346,0.0,S100A10,2.412902,0.0,H2AFX,4.52476,0.0,RPL8,1.3611981,0.0,ERRFI1,2.5855718,0.0,CLCA4,2.517255,0.0,HLA-A,1.1013204,0.0,SNTG2,0.8172516,0.9999088961271957,EPCAM,2.2640057,0.0,KRT4,1.4943631,9.91498033935252e-87,CSE1L,3.1693254,0.0,TNFRSF21,0.578176,3.2033083044595422e-276,OPTN,2.6474512,0.0,TSPAN1,3.9981353,0.0,ALDH3B1,4.8821664,0.0,FANK1,5.72798,0.0,SERPINB5,2.2776074,2.1172622737892818e-80,GPBP1,1.1737556,8.28047798294562e-79,IFITM1,4.2980576,5.084912437041328e-291,CNN3,1.5484608,6.037957702145071e-74
ARL4C,3.8905134,0.0,COLCA1,3.0301619,0.0,HSPB1,1.2658768,0.0,SAA1,3.2923222,0.0,TMBIM6,0.9405666,0.0,RPL10A,1.1632077,0.0,PSIP1,3.7408538,0.0,RPL10A,1.1872909,0.0,RAB11FIP1,3.2082415,0.0,RPL27A,0.83226824,0.0,PRR15,3.4345727,0.0,ARHGAP30,0.70162845,0.9999088961271957,CXCL1,2.8824947,0.0,MUC5B,2.6200123,2.96062502340897e-86,HMGA1,2.111212,0.0,IGFBP7,2.185639,5.929028948398412e-272,MYH9,2.3139873,0.0,CCDC74A,8.603852,0.0,CCDC74A,5.93445,0.0,TMEM232,6.39799,0.0,PDPN,2.303472,2.2717587094734605e-80,Z93930.2,4.4127645,1.2074274909072207e-77,TRIM25,3.6669488,1.1061094993529422e-288,UCP2,2.2484128,1.2929277009513357e-73
WNT10A,4.4339194,0.0,CEACAM6,3.6881008,0.0,ITGB4,3.2504559,0.0,VSTM2L,3.2750254,0.0,TNFAIP2,3.810482,0.0,LYPD3,3.6412528,0.0,CKS2,3.5273206,0.0,GCNT3,3.426857,0.0,PMEPA1,3.1990182,0.0,STRA6,2.4200509,0.0,RNASE1,4.290704,0.0,AL158163.2,1.6630466,0.9999088961271957,RSAD2,3.5249856,0.0,DSP,-0.3111977,7.557073945403945e-82,PRXL2A,2.6522481,0.0,ITGA2,1.5476096,1.0753680840283466e-270,MDFI,4.2272725,0.0,C17orf97,7.4638853,0.0,AC013264.1,7.053266,0.0,CCDC189,6.419484,0.0,PPIA,0.64443153,1.416370195015584e-79,KMT2C,2.007922,1.1226154737432987e-76,IGFBP6,4.7433653,4.516590187756073e-283,HES6,4.8290195,1.3027946034451505e-73
LAMB1,3.819449,0.0,FUT3,2.806467,0.0,VSNL1,3.7395277,0.0,PLEKHS1,3.7830405,0.0,MGST1,1.4828005,0.0,RPL8,1.3321155,0.0,ALDH3A1,3.4257443,0.0,RPS25,1.2741718,0.0,SLC34A2,3.6419623,0.0,FYB1,2.420042,0.0,IDH1,2.1039548,0.0,AL359979.1,0.9040699,0.9999088961271957,MTRNR2L8,0.7592269,0.0,SREBF1,0.43120188,1.1111685160907841e-79,KIF11,5.452195,0.0,KRT15,1.6323612,1.4427502181482194e-264,ANXA3,3.4125552,0.0,UBXN10,9.405762,0.0,CFAP43,6.326504,0.0,SNTN,6.8304877,0.0,ARPC2,0.8519729,1.118319814215146e-78,TBC1D8,3.1020231,2.684873752549931e-74,APOBEC3G,4.399156,2.084699654063495e-282,MT-CO3,0.3304881,2.6688016597226428e-73
IKBIP,3.830459,0.0,VPS13D,2.3545647,0.0,RPS4X,1.2247006,0.0,VTCN1,2.907347,0.0,PI3,4.4594193,0.0,RPS7,1.1176242,0.0,BCAM,3.8092175,0.0,LYPD3,3.8630605,0.0,GTPBP2,2.956909,0.0,BZW1,1.1593024,0.0,SOX2,2.9879909,0.0,AC103691.1,0.7987803,0.9999088961271957,FTH1,0.99918884,0.0,RAB11FIP1,0.8665061,2.906339411306572e-75,DNAJC9,3.4318588,0.0,CDH6,3.2438688,1.5114251206969813e-259,ATF4,1.7349055,0.0,MS4A8,9.504225,0.0,DYNLL1,1.8748345,0.0,SYNGAP1,5.261684,0.0,ACTG1,0.69278544,1.787229498788288e-78,AP001025.1,7.023838,7.674491210265443e-74,CXCL10,6.8202763,2.282454636001102e-280,NDUFA4,1.2756624,2.1496942511229488e-72
LAMA3,3.9531577,0.0,ST6GALNAC1,2.345808,0.0,RPL5,1.158147,0.0,MGST1,1.384463,0.0,SLC5A5,4.291932,0.0,CPA4,3.6239254,0.0,CCNA2,6.7454853,0.0,MALL,2.9513855,0.0,IFNGR1,2.282992,0.0,COX6C,1.1021727,0.0,PRSS23,2.2037187,0.0,AL596220.1,0.84932524,0.9999088961271957,PSME1,1.1135124,0.0,CAPN13,1.4036827,5.032192304755064e-72,HSPD1,1.6435682,0.0,PSAP,0.51471,6.568847304990971e-257,TIMP3,4.2626996,0.0,FANK1,7.8184795,0.0,DYNLRB2,6.790853,0.0,MAPK15,7.1207347,0.0,RPS6,0.6567378,2.8119171121151124e-78,AL627171.2,6.809348,2.007468006083972e-71,SH3BGRL3,2.0542512,4.182177103729576e-280,REPIN1,2.6747649,2.2678144988972346e-72
AK4,3.0375648,0.0,NCCRP1,3.17336,0.0,PDPN,4.0456395,0.0,CAPN13,3.6380074,0.0,DTX4,3.343009,0.0,RPL22,1.199743,0.0,MELK,5.7079496,0.0,KLK13,4.262575,0.0,EPRS,2.187898,0.0,POLR2J3,2.2926512,0.0,FUT2,3.5002491,0.0,AL355488.1,1.0475551,0.9999088961271957,MUC1,2.2636943,0.0,LGALS3,0.09891165,1.2627368457716646e-70,NCL,1.3292509,0.0,SLC2A1,0.6671485,6.203655068556047e-250,SNAI2,4.200649,0.0,PIH1D2,8.82645,0.0,SPATA18,5.301265,0.0,SPAG6,6.813006,0.0,RPS21,0.79034024,3.3716924970764066e-78,ABHD18,3.065312,2.908335873662774e-71,STAT2,3.5196574,1.0969567172307466e-278,DBN1,2.3885648,3.3025139988614525e-72
ITGB4,3.5146196,0.0,LGALS9,2.6626427,0.0,WNT4,3.0488636,0.0,FOS,1.8046654,0.0,SLC6A14,3.6333282,0.0,RAC2,2.9039974,0.0,HNRNPD,1.7411488,0.0,RAB25,2.0913045,0.0,CDC42EP1,2.8984187,0.0,NDUFB4,1.3513639,0.0,DUSP4,3.5304735,0.0,PRLHR,1.6323122,0.9999088961271957,OAS2,2.388138,0.0,NR4A1,1.6059614,6.855878452043814e-70,SRSF3,1.7908133,0.0,PRRC2C,0.67712563,6.023208499016353e-248,PIM1,4.1827626,0.0,TEX9,6.7233996,0.0,CCDC114,6.4813833,0.0,ODF2L,2.9446847,0.0,RPL12,0.8755324,6.209812431076673e-78,PPP1R42,4.151,4.4937903141717866e-71,SHISA5,1.9311731,2.5720636505147115e-278,SINHCAF,1.5454236,6.042215126755997e-72
APP,1.4489802,0.0,SLC9A3R1,1.9021885,0.0,AKR1B10,3.5375113,0.0,SMIM14,2.3075223,0.0,RNASE1,4.4942236,0.0,RPL13A,0.8972221,0.0,HSP90B1,1.3603375,0.0,RPL10,1.063668,0.0,ADGRG1,2.600095,0.0,EPAS1,1.6127644,0.0,CLINT1,1.8566349,0.0,MUCL3,1.4395574,0.9999088961271957,ASAH1,1.3240459,0.0,MYOF,-0.65066487,2.703256123781288e-66,MELK,5.239194,0.0,CCND2,1.8984793,1.5322741866790107e-247,PFN1,1.3324244,0.0,WDR38,9.996334,0.0,ZBBX,6.4257736,0.0,NEK10,6.463309,0.0,RPL21,0.7762279,6.466141062915339e-78,CGAS,3.5454419,2.309782211093553e-70,CCNA1,4.334559,4.721660256422342e-274,PHB,1.6098762,1.4410739828146194e-71
LOXL2,4.073125,0.0,FOXN3,2.3453307,0.0,RPLP1,1.1277755,0.0,SRI,1.6114051,0.0,TOX3,4.1671996,0.0,SPINK5,3.4218438,0.0,S100A2,2.566764,0.0,RPS27A,1.0552351,0.0,NEBL,3.0254297,0.0,ERMP1,1.8189623,0.0,MARCKSL1,3.0552592,0.0,SND1-IT1,1.0747607,0.9999088961271957,MT-ATP6,0.4945419,0.0,LCN2,0.6011904,4.7307212859509367e-66,NCAPD2,4.172666,0.0,HAS3,2.7939718,2.680723298306934e-241,ITGB1,1.8202726,0.0,DNAAF1,9.018,0.0,SAT1,1.7662796,0.0,C4orf47,6.400421,0.0,GAPDH,0.80193806,3.862125729848882e-77,AC084082.1,7.750871,3.341174026938512e-69,PSAP,1.3098737,1.1155741241483433e-271,STK38,1.4616624,1.4516590736700139e-71
SERINC2,1.4956145,0.0,LRG1,2.6774273,0.0,RPL34,1.0316758,0.0,SLC15A2,3.0176377,0.0,SLC46A3,3.5897896,0.0,RPL19,1.1322075,0.0,CHEK1,5.3544273,0.0,RPL29,1.36677,0.0,PMAIP1,2.8216975,0.0,MMP13,2.7033548,0.0,CXCL1,3.7185385,0.0,POU5F2,1.029021,0.9999088961271957,TXNIP,1.2313135,0.0,ATP2A2,-0.59523124,2.5403636310217353e-65,HNRNPC,1.0573997,0.0,VMP1,0.5705037,6.3955679888267085e-236,TUBB6,3.68478,0.0,CCDC39,9.50614,0.0,CIB1,2.362501,0.0,AK7,6.3793535,0.0,HINT1,0.89952683,9.133466718786622e-77,CCDC62,5.8774767,2.607292517907827e-67,BST2,4.527235,2.2078573205133775e-270,COX7B,1.5237434,6.067245538487169e-71
CNN2,1.5423701,0.0,LMO4,2.022801,0.0,RPL32,1.1827956,0.0,LMO7,2.3083434,0.0,SAA2,4.024669,0.0,RPS28,1.114093,0.0,KIFC1,6.605629,0.0,RPS7,1.1393238,0.0,EPCAM,2.8479578,0.0,RPL23,0.8348443,0.0,SMIM31,3.9197018,0.0,AC007292.2,1.1244336,0.9999088961271957,PLSCR1,1.4305675,0.0,NC_026431.1,-0.13270186,4.534782172532068e-65,KPNA2,3.6886497,0.0,THSD4,3.0075603,1.1375208211091281e-234,LBH,4.6246505,0.0,DYNLT1,2.8020124,0.0,SRGAP3-AS2,6.99091,0.0,CCDC65,6.8833375,0.0,CPA4,2.1743646,3.00309812227889e-76,APOLD1,4.7911224,7.98463085138442e-67,HELZ2,4.1925683,6.454800795087667e-268,COX5A,1.1681607,2.5425338324484038e-70
PKM,0.74020636,0.0,TP53INP2,2.6921396,0.0,RPL14,1.1741662,0.0,PHACTR2,2.9235628,0.0,PRR15L,3.7764053,0.0,ANXA1,1.5160712,0.0,NGFR,4.3312607,0.0,PDCD4,2.0139754,0.0,CDKN2B,3.086816,0.0,PLK2,1.7558246,0.0,MUC1,3.089552,0.0,AC005070.3,1.2879684,0.9999088961271957,CAPN13,2.7849686,0.0,NR2F6,0.6243614,3.975188584930452e-62,KIFC1,5.9158306,0.0,THBS1,2.9989324,1.0938661356234348e-233,BTG1,2.5494237,0.0,CCDC114,9.23993,0.0,FANK1,5.360096,0.0,C1orf194,6.425809,0.0,RPL13,0.87000495,4.072648304800027e-76,PDZD2,3.4685633,4.136809053007945e-66,CDH3,2.1724923,2.892002777217271e-267,ADI1,1.6712357,6.3699543082048126e-68
CHPF,3.2980735,0.0,CTSS,2.6557264,0.0,IL1RN,3.2605526,0.0,HLA-DRB1,3.2997046,0.0,SMIM31,4.179246,0.0,EEF1A1,0.6253839,0.0,YWHAQ,1.4847673,0.0,HSPB1,1.2460984,0.0,CCND1,1.968611,0.0,RPS28,0.89375836,0.0,LRG1,3.111402,0.0,AC106900.1,0.73633575,0.9999088961271957,C15orf48,3.0146067,0.0,PTPRF,0.18341383,5.38501514263843e-62,CENPE,5.9974155,0.0,COL4A5,2.6671839,1.8255311542852118e-233,GARS,3.087146,0.0,CFAP43,9.11112,0.0,NPHP1,5.3335257,0.0,DRC3,6.6723566,0.0,ITGA6,2.3394513,2.839037001541287e-75,TIAM2,3.806858,4.945899382537248e-65,SHC1,3.262335,5.087886014684302e-267,YWHAE,0.83388853,7.1843301591532924e-68
TUBB6,3.6619964,0.0,PIP,3.2866,0.0,LAD1,2.8681061,0.0,PRR15L,3.3937473,0.0,FDFT1,2.0781438,0.0,RPL36,1.2505335,0.0,WNT10A,4.35122,0.0,RPS26,1.3005751,0.0,HLA-B,1.7085856,0.0,RPL27,0.9971206,0.0,VPS13D,2.6217995,0.0,AC132825.2,1.529995,0.9999088961271957,OASL,3.3446398,0.0,PROM2,0.7032792,5.7023373910343295e-62,RAB38,3.4041152,0.0,MMP14,1.4066653,4.0266166291232412e-227,SLC39A14,4.5195203,0.0,CLMN,7.076523,0.0,MORN5,6.7324357,0.0,DNAAF4,5.898797,0.0,RAC2,1.8660271,3.154510831567876e-74,PPP1R13B,2.5332685,4.562702534836092e-64,PARP14,3.4185474,2.7280471925425387e-265,HOTAIRM1,3.3649037,1.1791493407046339e-67
AC022075.1,3.3178926,0.0,CHP2,3.1273358,0.0,TUBB6,3.3588424,0.0,RBPMS,1.6970698,0.0,JUND,1.7651267,0.0,RPL38,1.2289633,0.0,CDCA4,4.020752,0.0,VILL,2.7973428,0.0,TAGLN2,1.6668586,0.0,S100A4,2.103363,0.0,RPS27L,2.0693855,0.0,AL158163.1,1.4678873,0.9999088961271957,GLRX,1.8025618,0.0,MACF1,0.4459459,7.6061555523235495e-62,NASP,3.1530983,0.0,IQGAP1,0.37518606,3.337938007179449e-223,SKIL,3.7400508,0.0,CYSTM1,3.7695136,0.0,CCDC78,6.1811333,0.0,CCDC39,6.7227864,0.0,ANXA10,2.1306455,3.609260553416114e-74,RASSF3,2.8830009,3.6607839744291795e-62,TRIM21,3.7598498,4.541981315266184e-264,RCAN2,7.8176885,1.8590387656720775e-67
RPL32,1.2478766,0.0,GDF15,2.7156546,0.0,RPL12,1.2964975,0.0,LZTS3,3.1903799,0.0,LZTS3,3.5285246,0.0,SERPINB1,1.97132,0.0,PRXL2A,2.6474416,0.0,B4GALT4,3.020911,0.0,TRIB2,2.9178503,0.0,PLIN2,2.2096136,0.0,SAT1,1.4222678,0.0,AC012254.1,0.7857391,0.9999088961271957,MT-CYB,0.4791596,0.0,ALDH1A3,-0.1775173,9.629812809252826e-62,RFC3,4.6677437,0.0,CKAP4,0.7781796,2.9781088677287866e-219,TNC,3.5927188,0.0,OSCP1,7.710752,0.0,WDR63,5.932394,0.0,CCDC74A,6.0596185,0.0,LOXL4,1.9863534,3.186826660878085e-72,NXN,1.7052349,4.986194214160238e-62,GPX3,3.1410782,2.0956305996402623e-263,TP53I11,2.060367,1.8600295580205525e-67
TMSB10,1.1976452,0.0,ERBB3,2.6031468,0.0,AP2B1,2.2872443,0.0,RRM2B,2.6816666,0.0,S100P,3.8567483,0.0,RPL37,1.1106507,0.0,MSN,3.8247237,0.0,TP53I3,2.869252,0.0,MAL2,2.1865041,0.0,UQCRB,1.1995121,0.0,BCL6,2.9408355,0.0,AC025423.1,0.97148,0.9999088961271957,SCGB1A1,2.3607345,0.0,PLEKHS1,0.9078606,1.4023302418483896e-58,CSTA,2.7232997,0.0,SEMA3C,1.7533815,2.4780323335747233e-213,SLC38A5,4.2059793,0.0,IK,3.8172169,0.0,CFAP298,3.9014988,0.0,CFAP44,5.3426533,0.0,DAPL1,1.9875234,4.3435126473121337e-72,WDR76,4.4104576,1.2332295566735774e-61,BATF2,5.020576,8.432414205362233e-263,MT-ND3,0.34779885,2.3896703533681757e-67
VKORC1,2.8519666,0.0,BBOX1,2.818227,0.0,PPIA,0.93628365,0.0,GDF15,2.9712005,0.0,ALOX15,3.8551016,0.0,GAPDH,1.1157204,0.0,CENPF,6.3638926,0.0,PRDX1,1.2966392,0.0,SLC7A11,3.5826206,0.0,DUOX2,2.8838058,0.0,HLA-B,1.7625717,0.0,AC011473.3,1.3586146,0.9999088961271957,H3F3A,0.7556885,5.245445897823549e-307,SPTBN1,-0.27783942,1.7362430602285974e-58,SCD,2.6820943,0.0,RBBP8,1.2820104,9.38498790609826e-208,EGFR,2.8720257,0.0,DYNLRB2,9.382927,0.0,DNAAF4,5.5719557,0.0,NEK11,5.48746,0.0,CD109,2.1751485,4.773263704904141e-72,OLMALINC,2.6740754,1.286985591079077e-60,ITGB1,1.8034636,3.346968820592443e-262,RASSF6,2.4281723,2.7242607012619482e-67
PDLIM7,3.2913954,0.0,STS,2.6519163,0.0,ITGA3,2.871865,0.0,MARCKSL1,2.8446746,0.0,ASS1,2.7825043,0.0,RAB38,2.962175,0.0,CTNNAL1,3.743985,0.0,RPL35A,1.1471431,0.0,SLC7A1,3.2259996,0.0,GADD45A,1.5820117,0.0,CHST9,3.1350496,0.0,AC005899.7,1.4553106,0.9999088961271957,CD55,2.3215451,1.25926803828022e-301,RALGAPA2,0.669923,9.67918410172843e-58,CENPN,4.4921904,0.0,SPTAN1,0.86406296,4.756777737964323e-206,SLC38A1,2.3805056,0.0,DRC1,9.50678,0.0,AKAP14,6.748387,0.0,DZIP3,5.584995,0.0,RPL14,0.80824804,1.2761880727956795e-71,MT-ND6,1.1062587,4.9313427906534346e-58,PSMB9,3.8643835,6.048717098241895e-261,COX5B,1.2753954,2.887756064824065e-67
