Goblet_0_n,Goblet_0_l,Goblet_0_p,Club_1_n,Club_1_l,Club_1_p,SupraB_2_n,SupraB_2_l,SupraB_2_p,Basal_3_n,Basal_3_l,Basal_3_p,SupraB_4_n,SupraB_4_l,SupraB_4_p,SupraB_5_n,SupraB_5_l,SupraB_5_p,Goblet_6_n,Goblet_6_l,Goblet_6_p,Goblet_7_n,Goblet_7_l,Goblet_7_p,Basal_8_n,Basal_8_l,Basal_8_p,Club_9_n,Club_9_l,Club_9_p,MultiC_10_n,MultiC_10_l,MultiC_10_p,Mixed_11_n,Mixed_11_l,Mixed_11_p,Mixed_12_n,Mixed_12_l,Mixed_12_p,Mixed_13_n,Mixed_13_l,Mixed_13_p,SupraB_14_n,SupraB_14_l,SupraB_14_p,SupraB_15_n,SupraB_15_l,SupraB_15_p,Mixed_16_n,Mixed_16_l,Mixed_16_p,Mixed_17_n,Mixed_17_l,Mixed_17_p,Club_18_n,Club_18_l,Club_18_p
BPIFB1,6.0247693,0.0,GSN,2.052857,0.0,SERPINB13,4.9908834,0.0,DST,4.2749944,0.0,TINAGL1,3.7228072,0.0,TUBA1B,3.5365062,0.0,C3,4.465126,0.0,FTH1,1.2217096,0.0,PDLIM1,1.8936602,0.0,MT1X,1.443754,1.422535178861303e-240,C1orf194,11.373484,0.0,TNFSF10,2.2689958,0.0,NC_026436.1,8.858288,0.0,KRT17,3.9968038,0.0,HMGB1,1.8607726,5.759310094015085e-267,COL17A1,4.6564684,2.0388466343038642e-103,BPIFB1,3.2423427,7.533025430041293e-25,NC_026438.1,13.352136,2.4248072837265244e-251,KIT,12.497039,1.6739211304671592e-80
SLPI,3.4696212,0.0,B4GALT5,3.1846018,0.0,CLCA4,5.419603,0.0,ITGB1,1.8146901,0.0,LGALS1,5.973946,0.0,HMGN2,2.6668444,0.0,RAB11FIP1,4.7105446,0.0,PSAT1,5.5018363,0.0,IGFBP6,5.1381526,0.0,MMP7,4.381734,8.70096095516078e-232,PIFO,11.234931,0.0,XAF1,2.7045267,0.0,NC_026432.1,9.263178,0.0,LAMC2,4.8572764,0.0,TUBA1B,3.2066128,4.4651899184518183e-246,ITGB1,1.858421,2.4029418090714364e-99,SCGB3A1,2.5274696,1.1631480707644355e-18,NC_026435.1,13.744529,2.4248072837265244e-251,SLC6A9,6.1159368,9.266652662925187e-60
PIGR,6.0212502,0.0,RDH10,4.107659,0.0,CSTA,3.265423,0.0,WNT10A,4.8120356,0.0,CAV1,4.8280516,0.0,HMGB1,1.7539304,0.0,SCNN1A,2.819063,0.0,ASNS,5.487051,0.0,CTSH,1.6434506,0.0,SERPINB4,3.9866345,1.1900382464892286e-224,CAPS,8.957082,0.0,MX2,4.67298,0.0,NC_026433.1,8.938318,0.0,PMEPA1,5.1724696,0.0,HMGN2,2.6175218,6.996182436948116e-243,LAMC2,3.8548677,1.1939427598015282e-98,MSMB,2.7360356,1.890040855013725e-16,NC_026437.1,13.249037,5.951469599673338e-249,ANXA4,2.528437,4.932113767742816e-55
SCGB3A1,5.523308,0.0,GLUL,1.4625907,0.0,S100A14,2.5267997,0.0,CTSH,1.5174623,0.0,LDHA,1.8238256,0.0,STMN1,6.58253,0.0,MUC4,4.544782,0.0,PDZK1IP1,4.6292176,4.9844425426810824e-303,IFIT1,3.8335648,0.0,TCN1,3.629033,7.061152067254681e-211,TPPP3,10.81649,0.0,MX1,3.3068376,0.0,NC_026431.1,8.511872,0.0,LAMB3,3.9452763,0.0,H2AFZ,2.6719613,3.0579532634283055e-242,DST,3.895049,7.780599504158089e-89,CYP2F1,3.0839677,8.76346457697452e-16,NC_026436.1,11.38568,2.0956058333776813e-246,HEPACAM2,11.629812,1.3303025286792712e-50
XBP1,3.899748,0.0,WFDC2,3.1965683,0.0,AQP3,2.6581028,0.0,IGFBP6,4.7660265,0.0,S100A10,2.5994856,0.0,H2AFZ,2.5801005,0.0,MACC1,4.960903,0.0,GDF15,3.707562,2.972838825018175e-295,IFI6,2.6012204,0.0,CTSB,0.87093383,2.330089636197251e-200,RSPH1,10.66563,0.0,C3,4.1706514,0.0,NC_026437.1,9.661086,0.0,SERPINE2,6.5238333,0.0,HNRNPA2B1,1.29846,1.407404976646179e-226,CD44,3.179249,8.825379022998291e-89,SLPI,1.2739666,8.850255950457338e-15,NC_026431.1,11.360971,4.5765568590907386e-246,NREP,7.3098145,1.7478931465187595e-49
WFDC2,3.8543508,0.0,CLINT1,1.9308659,0.0,SERPINB2,5.516486,0.0,SH3BGRL3,1.6340563,0.0,CAVIN1,5.069668,0.0,DEK,3.0695925,0.0,CEACAM6,5.455733,0.0,KRT7,1.9240332,2.9784252686480008e-291,TIMP1,3.021453,0.0,NOTCH3,3.249707,2.0778254116239316e-194,PSENEN,4.9236236,0.0,CP,4.274054,0.0,NC_026435.1,9.27271,0.0,SERPINE1,6.5948834,0.0,PTMA,1.0391607,4.673705110006416e-214,CDH3,1.8721594,8.97720679304652e-85,LGALS1,2.895666,1.7458571966106704e-13,NC_026433.1,11.313274,6.881339470286669e-242,FOXI1,12.786368,6.917193808216317e-49
AGR2,3.7652922,0.0,ALOX15,4.409603,0.0,S100A16,1.910401,0.0,COL17A1,4.7119923,0.0,ANXA2,1.0327412,0.0,FGFBP1,5.296437,0.0,ALDH1A3,1.9844793,0.0,CXCL8,4.7776446,1.1067840782908414e-290,SH3BGRL3,1.6822382,0.0,DHRS9,2.3796697,1.1140418813899816e-193,C9orf116,9.404125,0.0,WFDC2,3.4488814,0.0,NC_026438.1,9.548016,0.0,CTSB,1.5558639,0.0,STMN1,5.834665,2.6560801147456806e-204,MALAT1,1.6794773,1.4833561595486288e-84,RPS29,0.42578784,1.7458571966106704e-13,NC_026434.1,12.246108,1.7033949416950434e-238,CRYM,8.28257,1.1389993433829136e-47
LCN2,3.8376594,0.0,DHRS9,2.6709723,0.0,SERPINB1,2.609326,0.0,KRT15,2.8741286,0.0,ACTG1,1.2844728,0.0,PTMA,1.0388278,0.0,RHOB,3.6423147,0.0,CD55,4.2268744,6.864847811818262e-287,STAT1,2.1421773,0.0,SAT1,1.4047549,1.0479193205192882e-191,AC007906.2,9.811057,0.0,XBP1,3.4104054,0.0,NC_026434.1,9.666075,0.0,NUPR1,4.791997,0.0,SMC4,5.1950645,5.608720246610312e-199,APLP2,0.9205545,6.089485247047261e-84,PSCA,2.7979493,3.953776654289464e-12,NC_026432.1,10.855862,4.7737043804991383e-237,FAM43A,6.5644684,4.004708694154954e-46
PLEKHS1,5.237097,0.0,EPAS1,2.140828,0.0,RPL6,0.7933493,0.0,IGFBP7,3.5415785,0.0,IGFBP2,3.7773385,0.0,HNRNPA2B1,1.1819367,0.0,GPRC5A,2.4843752,0.0,SOD2,3.3544884,2.1042733506180886e-271,COL17A1,4.7988577,0.0,CTSC,2.036352,1.292185217563547e-189,ENKUR,10.698227,0.0,OAS2,2.887572,0.0,SLPI,2.7726746,0.0,SFN,3.452299,0.0,PA2G4,1.8147448,1.421157544134656e-196,LAMB3,2.7164912,9.069680145975272e-81,WFDC2,1.8092678,8.598785593855248e-12,MTRNR2L12,2.8948371,3.436289654906276e-200,KRT8,2.1419594,5.225013210754364e-46
BPIFA1,5.935069,0.0,GCNT3,3.8031723,0.0,RPL14,0.9156713,0.0,JAG2,4.2116466,0.0,IGFBP7,3.906735,0.0,TUBB,2.1320727,0.0,TGFB2,4.1192374,4.742935994586715e-301,C15orf48,4.9616094,3.506314672360501e-268,IL1RN,3.2003713,0.0,IGFBP3,1.7278967,6.060238176187272e-184,ROPN1L,10.881609,0.0,IFI44L,3.6939592,0.0,MT-ND3,0.96122235,0.0,TPM1,3.6188717,0.0,SERPINB13,4.510306,6.515666069959418e-195,CAVIN1,3.9723215,2.526460498006574e-79,RPL41,0.37003416,1.0394018850621768e-11,CNBD1,9.843749,1.5620109342815016e-196,MUC20,4.7932377,6.58533913703759e-44
CP,4.499444,0.0,GABRP,4.3316255,0.0,RPS6,0.7568607,0.0,GJA1,4.252849,0.0,ACTN1,3.1852176,0.0,SMC4,5.1910553,0.0,STEAP4,5.0702853,3.95419387821501e-298,NAMPT,2.226667,8.710552979063078e-264,ISG15,3.9435918,0.0,MFSD1,1.8667018,3.0524331239792906e-175,ZMYND10,10.702372,0.0,LGALS9,3.1663558,0.0,B2M,1.2338971,0.0,ACTN1,3.269979,0.0,NPM1,1.1562771,1.6932130081197245e-193,LAMA3,3.9062052,1.131348526974563e-78,RPS28,0.49437803,1.0426619436480452e-11,GPR158,10.330202,1.055332254121746e-194,AZGP1,9.080257,2.321319407258334e-42
CAPN13,5.6995754,0.0,SERPINB3,3.2695336,0.0,RPS8,0.7665413,0.0,LOXL4,3.790336,0.0,CCND2,3.8713686,0.0,MT2A,2.5114794,0.0,RARRES1,5.536,3.1103496666924755e-294,SLC3A2,2.839052,5.366841038652985e-260,IGFBP2,3.4022567,0.0,FAM83A,1.7521554,8.182855882188319e-172,FAM183A,10.295698,0.0,CXCL17,3.0663328,0.0,GPR158,7.7507634,0.0,AMIGO2,5.814385,0.0,ANP32B,1.5991595,1.810168880852015e-191,MYH9,1.8083683,1.2729114936703555e-78,RPL30,0.4393825,1.561993134450496e-11,MTRNR2L8,2.3733327,2.5426448304756092e-171,CYB5A,2.513119,3.1557494662407144e-42
CXCL17,3.2399988,0.0,ELF3,2.7271361,0.0,RPS2,0.89022064,0.0,ALDH3A1,3.3948197,0.0,PGK1,1.442233,0.0,CCDC3,5.4799395,0.0,ARHGDIB,3.9920614,8.435557316916969e-279,APOL6,2.9443867,3.2909831197350537e-256,KRT5,3.4191806,0.0,PSAP,0.8214132,1.673765013614706e-164,C9orf24,10.757208,0.0,SAMD9L,3.8068135,0.0,MT-ND4,1.0780983,0.0,TAGLN2,1.8993381,0.0,DEK,2.7781224,4.3505238608728967e-190,APP,0.9992853,5.008210628564878e-77,RPL23,0.42579174,2.4817261196111838e-11,MALAT1,2.2002063,8.97395411209069e-157,ATP2A3,9.174658,2.2722542122621894e-40
RARRES1,6.1412354,0.0,SELENOP,2.50442,0.0,RPL4,0.96609676,0.0,BCAM,3.8209274,0.0,PFN1,1.0801816,0.0,TYMS,6.7151055,0.0,DUSP1,3.175626,9.687392393982479e-262,SOX4,2.253609,8.104065955336289e-251,KRT15,2.922794,0.0,CRABP2,1.563459,3.172991912840456e-164,CTXN1,8.625295,0.0,SLPI,2.474398,0.0,MT-ND1,0.9234846,0.0,SLC3A2,3.4991162,0.0,CEP55,7.714679,6.402528859329927e-190,DSP,1.4445677,1.6752473309529152e-74,RPS15A,0.51223695,3.059352843274785e-11,MT-ND5,1.5677074,2.956568147451067e-129,SOX4,2.4952428,7.032692155742727e-40
CD74,3.036298,0.0,ALCAM,1.2184132,0.0,GPX2,3.5121334,0.0,KRT5,3.2214313,0.0,ITGB1,1.8785269,0.0,PLP2,4.1382833,0.0,ELF3,2.777499,7.796776041845977e-259,CX3CL1,4.036182,1.906971880438285e-249,S100A2,2.6309006,0.0,TMSB4X,0.6768382,1.4978083420646076e-156,DNALI1,9.075654,0.0,APOL6,3.2294197,0.0,MT-CO2,0.84399575,0.0,VEGFA,3.6605225,0.0,TOP2A,7.7049665,8.158685254449185e-189,FLNA,3.687742,5.767174151016112e-73,LCN2,1.675791,3.247202056228739e-11,MT-ND4,1.7585453,2.9032575093671e-128,H3F3A,0.8333623,1.3401397611449554e-39
C3,4.2144356,0.0,ATP1B1,1.2588491,0.0,SERPINB5,3.4118621,0.0,TNFRSF21,1.6824242,0.0,PDLIM1,1.8141369,0.0,PFN1,1.1078062,0.0,IL1R1,4.3222218,1.774076889606716e-257,CEBPB,2.5063381,4.6722507546323994e-247,MT2A,2.1479096,0.0,VTCN1,2.8470387,1.10656960270306e-155,CFAP126,11.414106,0.0,TRIM22,2.2683434,0.0,MT-ATP6,0.89910495,0.0,SLC7A5,4.7671022,0.0,MT1X,1.8554522,1.2837583107913459e-186,ITGA6,3.6759326,1.2536955532082274e-71,PIGR,2.6505928,3.6751086491359775e-11,RBM47,3.5885513,1.7390552274277995e-121,MSI2,2.871951,5.273760488339122e-38
SLC34A2,5.209468,0.0,LGALS3,1.3001294,0.0,RPL11,0.8224723,0.0,ANKH,3.826371,0.0,PTHLH,4.8997273,0.0,PTTG1,4.8950243,0.0,DUSP4,4.170098,6.338945102622045e-257,SPINT1,1.2867783,4.117534991591973e-246,CLCA2,4.1182637,0.0,KRT23,2.1401846,1.1108548442352232e-155,C20orf85,10.915262,0.0,AGR2,3.2682393,0.0,MT-CO3,0.84448266,0.0,LAMA3,4.597764,0.0,PTTG1,5.0043116,1.8146844905135185e-180,CD109,3.6193688,2.8082676393802823e-71,VMO1,2.400271,4.406607651830024e-11,MT-ND1,1.4211943,3.8041160101197294e-113,KYNU,4.025583,6.791507163102252e-38
HLA-DRA,4.661827,0.0,SELENBP1,3.7586346,0.0,RPS24,0.71998465,0.0,CD109,3.7074745,0.0,TXNDC17,1.8688052,0.0,TOP2A,8.01568,0.0,PIP,4.8667245,7.622984350262124e-256,GARS,2.9032893,7.797239876199797e-241,IGFBP7,3.5729492,0.0,RAB10,0.9830982,1.0369829322651373e-152,KIF9,7.6460137,0.0,OAS1,3.029522,0.0,LCN2,3.155299,0.0,PEA15,2.6923685,0.0,BIRC5,7.4939923,7.091075272963872e-177,AHNAK,1.7984905,7.392831188761724e-70,PTHLH,2.3608868,6.291595422869688e-11,HHLA2,7.4363947,3.3080198670842564e-112,ATP5F1B,1.1290901,1.1710034825111788e-37
SELENBP1,4.461983,0.0,CYP4X1,2.8947475,0.0,RPL23,0.7970531,0.0,ITGA6,3.8999095,0.0,MT2A,2.321324,0.0,CAV1,4.537611,0.0,JUND,1.7389231,5.644437989414189e-253,SAA1,3.6284962,1.5268362538306282e-238,SPATS2L,1.337791,0.0,PLAT,3.6577783,6.227463157868426e-151,DYDC2,11.248407,0.0,LY6E,1.548908,0.0,MT-ND2,0.92691255,0.0,EIF1,1.0545588,0.0,ZWINT,6.1009245,8.24215810157891e-177,ITGA3,2.6937606,1.173698921809779e-68,RPL37A,0.40261692,6.291595422869688e-11,MT-CYB,1.3847955,5.011914835035706e-110,EPCAM,3.5410833,3.3600300347338345e-36
CEACAM6,5.3574367,0.0,PNPLA2,2.430506,0.0,RPL39,0.8525654,0.0,PDLIM1,1.5525013,0.0,LOXL4,4.2157965,0.0,HMGB2,5.7300234,0.0,B4GALT5,2.9797482,2.365071711819727e-239,CLIC4,3.136088,1.462741964476362e-237,ITGB1,1.6042964,0.0,FTH1,0.7815863,2.530356035814445e-150,SPA17,7.473653,0.0,ELF3,2.8941996,0.0,CNBD1,6.5778437,0.0,GBP1,4.125492,2.3820724288460854e-305,CENPU,5.974257,2.735086529405007e-173,TINAGL1,2.4765506,1.5200901071943932e-68,BPIFA1,2.094637,7.780499679026966e-11,MT-ATP8,1.4656441,3.8413202718005204e-109,KCNN3,9.209956,7.593784730682642e-35
CYB5A,2.4339056,0.0,S100P,3.9243984,0.0,MT1X,1.5009646,0.0,PTMS,1.945714,0.0,CD44,3.684063,0.0,RRM1,4.1448936,0.0,MUC1,3.338514,2.8549418981055376e-236,BIRC3,4.2251964,2.5808874341790108e-235,GJB2,3.6597393,0.0,MARCKS,1.4148313,2.774019923364189e-145,LRRC46,10.613537,0.0,PLSCR1,1.9725883,0.0,WFDC2,3.0584195,0.0,CALD1,4.0197678,3.298607354202822e-305,S100A14,2.419729,1.1114871827196432e-171,ATP2A2,0.9518744,2.2307351500594645e-66,CAV1,2.6216867,2.834346315100798e-10,GABRB1,7.6661687,3.261972251528978e-107,ATP6V1G1,1.1659961,7.4141938702811245e-34
TSPAN1,2.425622,0.0,TCN1,3.48683,0.0,RPS3,0.9380772,0.0,TINAGL1,2.6861682,0.0,MMP2,5.1268115,0.0,ZWINT,5.9431286,0.0,CYB5A,2.1497777,1.7507066056653332e-235,TCIM,4.934908,2.4402185890679667e-234,LDHA,1.5470023,0.0,CEACAM1,2.5998242,2.317356648729643e-140,EFCAB1,10.450732,0.0,GOLM1,3.1956546,0.0,MT-CYB,0.8773107,0.0,ISG15,4.204019,2.4473059144910258e-303,AQP3,2.639804,4.767023859973729e-171,AGRN,1.6851612,4.945081579371404e-66,HLA-DRA,2.379038,5.475968238768879e-10,MT-CO1,1.4124014,1.1847847155404675e-106,ATP6V1A,2.5551772,4.0943475623299616e-33
SLC44A4,4.5669503,0.0,CTSC,2.0172012,0.0,ANXA1,1.4986259,0.0,IGFBP2,3.0615797,0.0,FHL2,2.9599223,0.0,TMPO,4.243172,0.0,FOS,2.0702143,1.6189500890474872e-231,NUPR1,3.5875425,4.158523485181013e-228,GPX3,2.961682,0.0,SELENOP,2.0837646,9.344796251317571e-139,C9orf135,11.126315,0.0,SAMHD1,3.4254308,0.0,SCGB3A1,3.9110312,0.0,TAGLN,6.5794287,1.0075504873557957e-300,UBE2T,5.4585752,1.378007668842069e-169,CDK6,2.2848456,8.388042510235805e-66,RPS24,0.36212173,5.475968238768879e-10,MT-ND2,1.3675178,1.1532804976112575e-105,MARCKSL1,2.9257789,1.3190048798148806e-31
STEAP4,5.0714436,0.0,CYB5A,1.9880288,0.0,RPL32,0.8643762,0.0,PLP2,3.4808295,0.0,CTSH,1.604646,0.0,BIRC5,7.884634,0.0,ASAH1,1.9687883,2.006203886106588e-229,PCK2,4.2990427,2.504841779728305e-227,WNT10A,4.4073052,0.0,FBLN1,2.0436294,5.985759309995201e-134,SNTN,10.924909,0.0,SCNN1A,2.4659836,0.0,CXCL17,2.720547,0.0,CAVIN1,4.5760174,5.967173739397217e-286,CENPW,5.5322547,1.0825646905595727e-168,LOXL2,3.9968574,1.3297030478835085e-65,TPT1,0.3430106,7.431960383015208e-10,MT-ND4L,1.3450675,3.1112903583905857e-104,TPD52,2.7015483,2.195713239811766e-31
EPHX1,2.2509089,0.0,EPHX1,1.9074509,0.0,HSPB1,1.2571336,0.0,EEF1A1,0.5112833,0.0,SH3BGRL3,1.713751,0.0,TPX2,6.7225337,0.0,CD74,2.4691386,1.7630724172122883e-228,KYNU,3.5312989,8.283505048901818e-219,DST,3.892186,0.0,GMNN,2.7829077,3.919201645172727e-131,TSPAN1,3.6333647,0.0,CEACAM6,4.965402,0.0,BPIFB1,4.1490216,0.0,SLC38A2,2.1197848,6.139749260419028e-277,SLC25A5,1.4347396,3.205033020878988e-168,ITGB4,3.0400047,5.378016481788409e-65,RPS20,0.35852328,8.705944657749975e-10,ASH1L,4.349242,1.0072367654629075e-102,MYB,6.383231,4.211959127063117e-31
TGM2,4.426419,0.0,TMEM59,1.0533454,3.2542088124863363e-307,LYPD3,4.55115,0.0,TPT1,0.6012632,0.0,LAMC2,3.6942577,0.0,CKS1B,4.167063,0.0,ZMAT3,3.106455,5.986207250183165e-228,PHGDH,4.306847,1.969451740713896e-218,SFN,2.9959257,0.0,CCND1,1.5642765,8.665449824863024e-126,MORN2,7.570904,0.0,B4GALT5,3.1329706,0.0,S100P,4.1707287,0.0,TNFRSF12A,3.287525,1.665798409052197e-270,MAD2L1,6.3227353,4.691062323608355e-168,GRN,1.096418,6.276498300761209e-65,ATP5F1E,0.40415025,9.494728579884413e-10,SCGB1A1,3.1838071,1.8397247939212026e-102,LRMP,4.4285207,9.48576083434537e-31
CYP4B1,4.408892,0.0,CHST9,3.3168085,1.0808738774295868e-306,CRABP2,1.863335,0.0,GPX3,2.7151015,0.0,GAPDH,0.9727051,0.0,MKI67,8.024363,0.0,PIGR,4.524047,2.2204121031713392e-225,MTHFD2,3.2912846,6.423018270153179e-217,IFIT3,2.9763007,0.0,ERMP1,2.1348722,3.0308907263507647e-125,CAPSL,10.980698,0.0,PIGR,4.6783466,0.0,BPIFA1,4.0998197,0.0,SLC1A5,2.8213956,3.069053264891428e-269,TYMS,6.193926,6.334501704703078e-168,CCND2,2.9883385,2.3960057006093193e-64,RPL37,0.41253665,1.0015384351438128e-09,LINC01004,7.1292973,2.615305940799694e-101,UCP2,2.9056299,3.3777606948998734e-29
SCNN1A,2.5199146,0.0,GOLM1,2.758036,7.780405135931868e-304,RPL37A,0.7603283,0.0,S100A10,2.1711843,0.0,S100A2,2.6778615,0.0,CEP55,7.7413926,0.0,KLF6,1.9714824,1.052458902452314e-222,S100P,3.8162289,1.1275784550976259e-216,S100A10,2.2812002,0.0,RIPK4,2.4456637,4.408927889427685e-120,FAM81B,11.032321,0.0,RARRES3,2.907934,0.0,MT-CO1,0.8134952,0.0,GPNMB,4.7986135,2.321077899138249e-266,RANBP1,2.833735,4.154546920148123e-167,TNC,3.0830674,8.62726427199083e-62,RPL9,0.38602844,1.042877496188295e-09,MT-ATP6,1.3088286,5.906463739759229e-100,POU2F3,7.356702,4.8595044689128995e-29
CYP2F1,5.7327447,0.0,ALDH1A1,2.7155256,9.138001020615164e-298,RPS29,0.73045415,0.0,CAV1,3.884417,0.0,ARPC2,0.99351156,0.0,HNRNPA3,1.4868538,0.0,PLK2,2.296312,4.5015610387859545e-222,PTGS2,4.529196,1.368347597381874e-215,LGALS1,4.7064295,0.0,GSN,1.3593948,1.3910371211196833e-119,RSPH4A,10.943657,0.0,MUC4,3.9234402,0.0,CYB5A,2.0133476,0.0,ATF4,1.5492337,3.6132925319549835e-263,HNRNPA3,1.6012231,4.1648914732403855e-166,ACTN1,2.1692924,3.8167487172689493e-60,RPL27,0.4477382,1.16454077003306e-09,MT-CO3,1.3981619,1.45366899943014e-99,ATP6V1C2,6.3707023,5.817451366695965e-29
ALDH1A1,3.196117,0.0,CXCL17,2.7134478,1.0923453087323739e-297,RPL5,0.8114458,0.0,CAVIN1,4.089628,0.0,DST,4.19256,0.0,DUT,2.750193,0.0,SCGB3A1,3.7860067,2.616111229196833e-221,SAT1,1.4472568,5.312384619466479e-214,TINAGL1,2.7596369,0.0,SPINT1,0.98021144,1.601059758346077e-117,CETN2,5.3463182,0.0,IFIT3,3.1168609,0.0,HLA-DRA,3.828314,0.0,AXL,5.1106634,3.422007782839612e-262,RRM1,4.251295,3.5957842965723617e-162,MT-ATP8,0.6920371,6.919554380186301e-59,RPL31,0.3900908,1.16454077003306e-09,SCARB1,6.0121527,2.8370073384804e-95,ABHD2,2.9659727,2.329930444666565e-28
GOLM1,3.1416137,0.0,PLEKHS1,4.0063787,3.546316586480353e-297,ZYX,1.7276418,0.0,LGALS1,4.2826605,0.0,ENO1,1.1932349,0.0,CENPU,5.7558336,0.0,GABRP,4.359123,4.3528033415404085e-221,NCOA7,1.8530983,1.4713464697639039e-211,GJA1,4.099105,0.0,CYP1B1,3.16386,2.486367637118439e-115,IQCG,7.803957,0.0,MUC1,3.4489386,0.0,SAA1,3.5440643,0.0,SP110,2.6372762,1.6637282032035892e-261,PPIA,0.792433,7.465863833119861e-162,EGFR,2.165767,1.4337998281890765e-58,IGFBP7,2.2600803,1.802593905442524e-09,MT-CO2,1.1181628,1.1684824820828825e-90,ATP6V0B,1.4604436,2.8620768301852814e-28
NR4A1,4.781636,0.0,TFCP2L1,3.5215,4.5836111450608907e-287,RPL41,0.6430512,0.0,NAP1L1,0.85922027,0.0,COL17A1,4.8597045,0.0,PPIA,0.7445168,0.0,DUSP5,3.333871,2.52447485020407e-219,CCPG1,2.2155144,5.603602183543027e-210,BCAM,3.7294466,0.0,CAMK2N1,1.7925317,2.273334438730847e-112,C11orf88,10.988333,0.0,LCN2,3.0296745,0.0,MGST1,1.1416796,0.0,HLA-E,1.7120832,3.1112966128365314e-260,TPX2,6.5396957,2.1800691077539647e-161,THBS1,4.150564,8.792651754307437e-58,RPS13,0.3731761,1.974897804322776e-09,TESK2,6.5740047,5.6204621199081986e-89,TFCP2L1,4.153412,5.369758921085795e-28
FOS,2.254619,0.0,CLDN4,3.2218378,1.7316203547485208e-284,RPS23,0.8697443,0.0,CLCA2,3.6189792,1.0436037051501774e-305,ITGB6,3.5347147,0.0,ANLN,6.999628,0.0,CLDN4,3.420063,1.5603535590503176e-218,COPB1,2.1617763,1.6688424838157606e-209,CAV1,4.0817823,0.0,CTSD,0.98812103,2.209517937536997e-108,C5orf49,10.541074,0.0,ATP1B1,1.3555,0.0,RPS27L,1.8342615,0.0,FSTL3,5.2101083,1.7315890384584002e-256,DUT,2.849766,4.2661632434093583e-159,DSG2,1.3104312,1.712520699491198e-57,RPS8,0.36136422,2.4728190829387975e-09,NFAT5,3.488451,1.598657271128228e-88,MRPS10,2.3491035,9.37810831121337e-28
MUC5B,5.472666,0.0,FUT2,3.498014,2.4538446287586607e-282,RPS3A,0.84420514,0.0,TP63,3.513717,4.280636423482831e-300,FLNA,4.2411165,0.0,FSCN1,3.6588733,0.0,HLA-A,0.9782998,2.5249582107904363e-216,AMOTL2,3.281945,7.90188393045314e-209,OAS3,3.0624173,0.0,GPRC5A,1.5330344,8.818020776553627e-107,CFAP300,8.442426,0.0,GABRP,4.5407066,0.0,MTRNR2L8,1.0694231,0.0,DSP,1.9508487,8.002023151129786e-256,HMGB2,5.615418,6.957962023896907e-159,LAMB1,3.1391244,3.207251721486535e-57,TMSB10,0.45428348,3.613049994647417e-09,BMPR2,2.9416466,8.98791541711206e-87,HIPK2,3.1266437,1.714515701001998e-27
RDH10,4.0084295,0.0,NDRG2,3.168944,4.7157015510113826e-278,RPL29,1.0282023,0.0,TIMP1,2.4709816,1.5814071988148988e-299,NPC2,1.2514726,0.0,TPM3,1.2153852,0.0,PTTG1IP,1.3581828,1.0439264742351791e-214,IRS2,3.331204,2.7143579601867503e-208,CCDC3,4.2994742,0.0,PRSS22,2.2679954,1.995245205532266e-105,AGR3,8.856459,0.0,HERC6,3.334455,0.0,PIGR,4.1829047,0.0,FLNA,4.1006923,3.1654830447274037e-254,SERPINB2,5.3475347,1.8941124356217197e-158,MYO1B,1.7283835,1.308066188484262e-56,S100A2,1.5679647,4.47101858826387e-09,NUP210L,8.749106,1.3112665482704866e-85,B3GNT2,3.7738755,1.2780924348989557e-26
PSCA,5.252171,0.0,SLC9A3R2,2.813328,7.903908686861896e-270,RPL34,0.69546604,0.0,LAMB1,3.2976751,1.845189194454146e-299,BNIP3,3.7174466,0.0,PTMS,2.1912987,0.0,CYP4X1,2.9208982,5.942364630381148e-214,RAB11FIP1,3.5030153,5.783371989914483e-208,DDX58,3.2090654,0.0,SERPINB1,1.5731871,2.223041687050231e-105,FOXJ1,10.698105,0.0,PLEKHS1,4.3934016,0.0,MT-ATP8,0.86730534,0.0,BTG1,2.484885,1.2948887790887528e-252,TMPO,4.2900352,1.047627173675226e-157,GALNT2,1.7278455,2.2252435335002874e-56,RPL39,0.4102122,5.251107301071565e-09,MT-ND3,1.0917403,6.7421278784139515e-84,GPRC5B,3.9954176,1.7406188277125442e-26
HLA-DRB1,3.9675274,0.0,ST6GALNAC1,2.5290759,1.822068735371119e-269,NPM1,0.83673525,0.0,OLFML2A,3.6287527,2.4660925632815367e-299,ARL4C,4.1879635,0.0,IGFBP6,4.9063826,0.0,VPS13D,2.8799107,4.54599848528096e-213,ATF4,1.2559475,5.882947409162854e-206,SHC1,2.8997679,0.0,HIST1H2AC,2.3915606,7.142689940495295e-105,LDLRAD1,8.3514185,0.0,BPIFB1,4.156421,0.0,AGR2,2.5642464,0.0,PDLIM7,3.4197483,4.997835766327853e-251,SERBP1,1.4319696,1.3765039122236508e-157,AHNAK2,3.198032,2.4416798795827297e-56,RPS21,0.5047968,5.3483253360201295e-09,FBXL20,5.3827734,2.2477752567941333e-83,H2AFY,1.0862923,7.156971151385513e-26
EPCAM,3.5271082,6.164985391466647e-307,SLC44A4,3.7536774,1.1617756972770579e-267,RPLP0,0.79196095,0.0,CCDC3,3.9113178,2.3999868153090955e-298,CMTM3,4.3120933,0.0,TUBB6,3.6752872,0.0,SYTL2,3.4864967,5.158907897887383e-212,TNFAIP2,3.8369012,8.145032750010227e-204,STARD5,3.6550708,0.0,SERPINB3,2.4034667,1.146855527535964e-101,TUBB4B,3.916031,0.0,SLC44A4,4.269563,0.0,MTRNR2L12,1.1093117,0.0,RTN4,1.2813135,2.4331630795389328e-250,THBD,5.096348,1.1941867704673974e-156,CKAP4,1.6844975,3.0652624394546147e-56,RPS25,0.48095712,6.548649456899827e-09,BICRAL,5.6969547,8.262004531124572e-83,SLC43A2,4.1815805,1.0303412767148253e-25
CYP4X1,3.1621363,3.683479931208577e-306,XBP1,2.6599982,3.212163002703929e-266,RPL35,1.2316211,0.0,IGFBP3,1.7433928,6.032805019889274e-296,MYO1B,2.433923,0.0,PCNA,3.4430888,0.0,ZFP36,2.160213,1.9879637826595074e-207,STOM,1.2909677,3.942626429819166e-203,IFITM3,1.1919568,0.0,TGFB2,2.4607894,2.7559710018453916e-96,WDR78,8.577688,0.0,CD74,2.4514508,0.0,MT-ND4L,0.8953915,0.0,TGFBI,3.737271,3.169917557269914e-249,RRM2,7.130301,8.787045250532443e-156,GPC1,2.2622967,3.879175475281176e-56,RPL15,0.33817375,6.62510290574239e-09,AC027117.2,5.6115203,4.122353752773121e-82,DUSP4,3.5256214,1.1694287369899737e-25
ASAH1,2.0245988,4.243742491785521e-298,SAT1,1.2957894,4.1727006492664093e-262,RPL21,0.7126622,0.0,ITGB4,3.1740386,1.7209600084690183e-292,RAC2,3.3343441,0.0,GJB2,3.906804,0.0,RPS27L,1.9566306,9.092580071836255e-206,CLDN7,2.1344202,8.830544433493263e-203,MX1,2.728203,0.0,MARCKSL1,2.3335927,1.244933129548157e-95,ARMC3,9.951197,0.0,TGM2,3.9891849,0.0,LGALS3,1.2250403,0.0,ITGB6,3.4653583,4.0011436935984927e-249,ANLN,6.618208,2.1527660074284573e-155,CLSTN1,2.023193,8.76454594360327e-56,TINAGL1,1.6150994,6.62510290574239e-09,C2orf42,6.0009513,1.822924848030549e-81,PLEKHB2,1.9083412,5.821773557747544e-25
IL1R1,4.249879,1.4403596454518887e-296,IDH1,1.8029116,1.5242580532262804e-261,RPL13,0.8321887,0.0,S100A2,2.3574064,1.3645733917986502e-289,GJA1,4.4154916,0.0,ANP32B,1.3709946,0.0,NCCRP1,4.025906,3.651088325230642e-203,MAFF,3.3602579,6.180317302224214e-202,NPC2,1.0635355,0.0,ADGRG6,2.3834531,8.874185107489266e-94,SAXO2,9.886864,0.0,PARP9,2.0899394,0.0,MT-ND5,0.8681823,0.0,DDX58,3.4515312,4.391315499795339e-249,PBK,7.1357574,8.90700301322701e-152,MMP14,2.1753988,3.364274510685252e-55,GAPDH,0.44909808,7.905286445586551e-09,C2,7.109113,1.2160725845937445e-80,TP53INP2,3.2510624,9.1883824955634e-25
MDK,2.9112575,9.377485355224801e-295,H3F3A,0.52039397,3.3405661291089296e-258,RPSA,0.95453316,0.0,FSCN1,3.146784,4.8205248308730804e-287,JAG2,4.323749,0.0,PRR11,6.44665,0.0,VMP1,1.2873577,1.243601412081535e-202,SRD5A3,2.5197246,7.539786791496274e-198,CD44,3.2084606,0.0,PLK2,1.6703953,1.2552931633895455e-91,CCDC170,9.579515,0.0,IFI44,2.84307,0.0,HLA-DRB1,3.1959598,0.0,TAP1,3.113977,1.1632303054754553e-248,PRR11,6.2180834,5.5443334104816285e-151,JAG1,2.6033375,2.1697878149934362e-54,GPX3,1.6832463,1.105396369281591e-08,MTRNR2L1,2.2119749,2.90897241740661e-79,ZMIZ1,3.0342853,1.2593168307242584e-24
TMC5,4.338589,3.899648927302262e-294,MGST1,0.9816535,3.7697597019804703e-258,SERPINB4,3.8852904,0.0,MMP2,3.8436751,5.123328425850752e-286,CDH3,1.9775697,0.0,TUBA1C,2.2525482,0.0,VGLL1,4.2123833,1.5726408460186646e-202,HLA-C,1.125179,1.831593410889751e-197,ALDH3A1,3.1242495,0.0,EIF4A2,0.91298604,2.6729680984743266e-91,IFT57,5.6671953,0.0,IFIT1,3.4652143,0.0,MDK,2.4034493,0.0,DHRS7,2.1538782,7.600094801619668e-248,HMMR,6.9849796,3.967272178491749e-150,IQGAP1,1.0803754,4.978253538227111e-54,RPL38,0.4459842,1.9019095588517986e-08,ZNF609,3.0844774,4.482131592194886e-77,DMRT2,6.6598034,5.072119900727618e-24
MUC1,3.3709207,7.844609294461788e-293,RHOV,3.399115,3.608838376702902e-256,RPL8,0.9632604,0.0,SPATS2L,1.1630139,2.8793247018000533e-285,MYL9,4.7042756,0.0,MCM4,4.6548214,0.0,TM4SF1,2.5338988,3.7178327074216804e-201,GULP1,3.5870366,2.354775249402651e-195,ITGA6,3.778418,0.0,SERPINB6,1.2161676,1.8419285278896537e-90,CCDC65,10.549178,0.0,SCGB3A1,3.8189714,0.0,SAA2,3.6402586,0.0,IFIH1,3.1623662,1.3638812608971004e-246,SRSF2,2.0593112,5.326436705944205e-150,IGFBP2,2.4373426,4.5490643116100534e-52,RPL36,0.48616102,3.417947409366162e-08,NEAT1,1.6349624,2.4710842683809054e-76,PHLDA1,3.2191093,5.909692456496956e-24
GSTA1,4.5241647,1.1856345515051008e-291,SCNN1A,2.048541,8.902651144980262e-256,RPS13,0.7252827,0.0,CD44,3.0204818,1.594792339196372e-281,DKK3,4.6463723,0.0,LMNB1,6.4849787,0.0,SLC6A14,3.712125,2.1477772612669944e-199,CSTB,1.2393633,1.4850623799459555e-194,FYB1,3.1168861,0.0,TMPRSS4,1.1623433,1.2721675503549325e-89,CC2D2A,7.717333,0.0,RSAD2,4.7496543,0.0,CD74,2.0260022,1.1428707751583953e-279,VIM,5.4805326,5.381273392265935e-244,TUBA1C,2.3212888,9.121852726892828e-149,SH3PXD2A,2.3807116,1.2768418855492927e-51,BPIFA2,2.1580794,3.4564574480398404e-08,AFF4,2.387083,1.632174478297689e-75,MT-CO2,0.50972795,8.111854008384644e-24
DUSP4,4.0746684,2.095629550239524e-291,A4GALT,2.3031154,2.0502253978042356e-254,SDC1,1.6343544,0.0,LDHA,1.3648539,4.3463471613271765e-281,CD109,3.985434,0.0,TK1,6.7556343,0.0,HLA-B,1.5133306,6.493490023568582e-199,TMEM106B,2.0427656,3.272904246963946e-193,TNFRSF21,1.5971735,0.0,DSG2,1.328986,7.332409095430016e-89,SPATA17,8.847926,0.0,IFIH1,3.0568833,0.0,RARRES1,3.9043648,1.1112622825326663e-278,ITGB4,3.5250485,5.933593150558356e-243,CKS2,3.861751,1.4586220442379346e-148,MT-ND5,0.7194019,4.375589078967977e-51,IGFBP6,2.3226326,3.4564574480398404e-08,RAB44,8.928735,2.3928106345376155e-74,TMPRSS11E,7.6602488,2.9149164536708244e-23
RARRES3,2.8093843,3.6596513078540457e-290,SLC15A2,3.0411117,5.612347491597793e-254,RPL18,1.0693592,0.0,LAMA3,3.387929,3.8789453996831773e-275,LAMA3,4.014015,0.0,CDK1,6.7498956,0.0,CCND1,1.884427,2.698574123849006e-198,PTP4A2,1.2660573,8.319972551890619e-193,PTK2B,2.8714385,0.0,CCNA1,2.4821436,2.4483319210556304e-87,TEKT1,10.135305,0.0,MDK,2.8308384,0.0,CEACAM6,3.7753534,2.4088875125497485e-278,STC2,5.64311,7.697377705583588e-243,CKS1B,4.125205,1.4586220442379346e-148,PTPN14,3.09229,4.5072567515579086e-51,SH3BGRL3,0.82390124,4.5075926968895255e-08,ICAM1,5.088054,2.7617489873594483e-74,HOTAIRM1,4.198352,3.7193776380627413e-23
FUT2,4.025615,2.79546827798373e-289,CP,3.2224,1.9938358799343955e-253,RPL27A,0.6977581,0.0,TIMP3,3.4184942,9.885331425339807e-272,PDPN,4.5376763,0.0,CBX3,1.3402181,0.0,XBP1,2.8624446,1.0898915704966747e-197,GPCPD1,3.170767,8.319972551890619e-193,PGAM1,1.4327391,0.0,TACSTD2,0.5082954,7.56812187840709e-84,FAM216B,10.870794,0.0,ST6GALNAC1,2.7975998,0.0,XBP1,2.3176255,5.813468502225772e-276,THBS1,4.5279427,2.6514113463216297e-242,MCM4,4.761091,1.760693656707118e-148,LOXL4,2.9607239,1.4908073613863668e-50,RPL34,0.3410758,5.5183183029240306e-08,BTBD2,2.7876847,3.2767338841123492e-68,MT-ATP6,0.55000293,4.40858056362562e-23
SAA1,3.669317,1.0312463956130205e-275,BCL6,2.790289,3.275705811115953e-251,SPRR1B,4.6516128,0.0,PRNP,2.1885164,3.967652174942177e-271,GJB2,3.696168,0.0,ITGA6,4.121559,0.0,LCN2,2.728215,3.2927486675104145e-196,EIF1,0.7096926,1.330023125682676e-190,FSCN1,3.3125546,0.0,SEMA4B,1.1814234,9.596093043710455e-84,PPIL6,8.885474,0.0,IFI6,2.285815,0.0,MSMB,3.5481443,3.141960763980002e-269,IFIT3,3.0830908,4.3852679289964703e-240,PCLAF,6.1778574,9.338339548326225e-148,CALD1,2.6629934,6.82563048347426e-50,MYL12B,0.3146145,5.911611156800674e-08,RERE,2.313777,2.24915862099688e-67,KDM6B,2.92083,1.5435569657482757e-22
GABRP,4.4549026,6.279630283332907e-275,GMNN,2.9553635,1.5919742894986843e-250,RPS25,0.9431801,0.0,AQP3,1.7995725,6.462919586274563e-270,BASP1,3.2116618,0.0,PCLAF,6.3385468,0.0,CP,3.4497578,1.8821603030973166e-194,PRSS8,2.6227243,1.2271953952641544e-189,CAVIN1,4.072587,0.0,LITAF,0.8413118,1.4247838910201614e-82,LRRIQ1,8.819758,0.0,SELENBP1,3.8123996,0.0,RARRES3,2.033524,4.166667700489135e-269,IFI6,2.3959558,1.17291356576468e-238,MKI67,6.9583898,1.6826166165793668e-147,ITGB6,2.5884457,1.0135631246592785e-49,PPIA,0.31436178,5.911611156800674e-08,MRTFA,4.8020954,4.440781591249145e-64,REPIN1,3.3123927,1.6086988505489157e-22
TNFAIP2,4.1516247,1.6848733445387475e-273,SYTL5,3.430069,8.218312359145316e-247,RPL13A,0.6045726,0.0,SLC2A1,1.7106595,3.848708745552403e-261,TPI1,0.9267983,0.0,DNAJC9,3.655389,0.0,VSTM2L,3.5321622,2.3908164721861787e-194,ZC3H12A,3.049163,4.4481589388177895e-188,HSPB1,1.079067,0.0,CDKN2B,2.3383784,1.944034742214822e-82,TUBA1A,7.45059,0.0,SLFN5,2.485362,0.0,NCOA7,1.4070185,2.649223240087423e-266,PIM1,4.240026,7.164148628443507e-238,HSPD1,1.5805014,5.943734622120686e-147,ACTN4,0.63868105,3.617249574969286e-49,RPS12,0.4139534,6.237117936827955e-08,RELB,5.7064586,1.1992102443219556e-63,ATP7A,4.2520504,1.8865964862323195e-22
ST6GALNAC1,2.8491313,2.4606049575851933e-271,CPD,1.5260592,1.1667536225920373e-246,SLC25A5,1.1571413,0.0,PFN1,0.7413014,6.378011633701953e-260,PHLDA1,3.8113716,0.0,AKR1B10,4.058572,0.0,SLPI,2.00374,1.120248175700279e-193,SLC34A2,3.8199472,9.500117463538e-184,PTHLH,3.7646005,0.0,TFPI,2.330743,3.9657718875208526e-82,CCDC146,6.650719,0.0,RARRES1,4.6216784,0.0,PPDPF,0.5476957,9.874745744758949e-236,APP,1.3127801,1.5214671897803236e-237,TUBB,1.782337,1.5264448331541844e-146,ITGAV,2.5542443,5.214796470601033e-49,RARRES1,2.4731963,7.069844236927012e-08,POLG2,5.73957,3.3899544363314338e-62,FOXP1,3.1070545,1.991079517125518e-22
MGST1,1.1352694,4.102020514295515e-270,TXNIP,1.4575596,1.9665560094928817e-246,SPINK5,3.7000673,0.0,DLK2,3.7901595,1.0462106737516582e-256,SHC1,3.0725944,0.0,UBE2T,4.8663597,0.0,VTCN1,3.0866048,1.2615985814674778e-191,PRSS22,2.631344,1.0417895664382945e-183,MMP13,4.0331373,0.0,PON2,1.0915855,6.766841806096905e-82,CCDC113,8.593579,0.0,RABGAP1L,2.9110353,0.0,TSPAN1,1.4544115,1.369947458508767e-230,BASP1,3.1845934,1.6089849710996057e-236,SMC2,4.4893284,2.2889509540457052e-144,MSN,3.041985,6.955713078443338e-49,RPS14,0.54608154,8.416196629324204e-08,STAT3,1.353265,5.407872913219623e-60,PTMA,0.62261856,2.558815396557678e-22
HLA-DRB5,4.753324,6.465177110457505e-270,AGR2,2.6421177,2.7350930720022256e-245,LAD1,2.8923874,0.0,ARPC2,0.7858953,3.3339507713842365e-256,CALD1,3.527047,0.0,NUCKS1,1.2184255,0.0,ALCAM,1.1811332,4.505792180358925e-191,CHAC1,5.2557993,1.0417895664382945e-183,GRN,1.3255494,0.0,EPAS1,1.4477131,3.5598363384829814e-81,CFAP298,5.313438,0.0,CAPN13,4.1987042,0.0,CAPN13,3.2233312,1.1555431208114464e-226,PSAT1,4.83613,5.543686784816626e-236,S100A16,1.772039,6.412185202959321e-142,SPTBN1,1.5045037,1.3687733237860017e-48,TPM2,1.6601621,9.261908185296038e-08,GIPC2,6.0493674,8.403280065055864e-60,SEC14L1,2.2068675,3.2525290578044717e-22
SERPINB3,3.2371514,3.3705235840040754e-268,KLK11,2.7042966,1.5847449247183762e-244,PABPC1,0.680069,0.0,FLNA,3.3463895,6.125770357571476e-256,TUBB6,3.5625703,0.0,GGH,4.2189574,0.0,GOLM1,2.7864175,1.0314592393479472e-190,TTC9,3.2246993,1.4835899012423038e-180,S100A11,0.5773254,0.0,NTN4,2.1065674,5.0422917328160874e-80,UCP2,4.4639463,0.0,IRF1,2.6617942,0.0,CXCL8,3.1962814,3.232935522906465e-223,CDKN1A,1.8748515,5.850538852428173e-236,H2AFV,2.2501767,6.65364793002749e-140,TP63,3.1716576,1.72485835164403e-48,RPL24,0.50613505,1.2307785260477745e-07,DENND5A,4.869201,9.533070883021234e-59,TMEM51,3.4355786,5.206108201114698e-22
SLC15A2,3.5220926,8.763872598823759e-266,GSTA1,3.6021676,3.552547623826378e-241,PRXL2A,2.5258796,0.0,ZNF385A,2.4216664,1.3049855130391408e-252,MSN,3.9723775,0.0,NCAPG,7.4281507,0.0,CXCL17,2.6842434,2.473934314825947e-190,H3F3B,0.78838104,8.875528133086165e-180,KRT6A,3.1618593,0.0,ATP6V0E1,0.645583,7.4865952714155e-80,RRAD,9.464535,0.0,PRR15,3.7042155,0.0,SERF2,0.5431391,5.708258862453959e-223,ITGA5,4.1289473,6.287303735922515e-235,CCNA2,6.861676,2.237987643718443e-139,HSP90B1,0.47705305,8.016137068860572e-48,MT1E,1.3186349,1.4110310555886837e-07,LUCAT1,4.594504,6.971829152376947e-58,TSPAN6,2.0053186,1.0342207446402013e-21
ELF3,2.6920092,6.99015884867955e-264,MDK,2.384836,3.8052308258464427e-240,RPL9,0.67918,0.0,RPLP1,0.6411633,7.407742824938765e-250,AREG,3.7479966,0.0,SFN,3.0471864,0.0,WFDC2,2.8492234,1.1854820779874262e-189,GTPBP2,2.8847265,1.0065634960473147e-179,PLP2,3.3466573,0.0,S100A4,2.0294583,2.20026864736124e-79,EFHC1,7.2015734,0.0,IFITM3,1.2101494,0.0,ASS1,1.8673493,1.2247005657608683e-216,PLAUR,4.3652053,7.837830987299248e-234,HNRNPC,0.88669246,7.001579747136708e-139,TNFRSF21,1.1017407,2.5489683080879835e-47,XBP1,1.5470263,1.742577278727441e-07,GPBP1,1.9181006,2.602761133473229e-57,PRDX5,0.8221145,1.5392998470615843e-21
LMO4,2.293831,5.3261946705451585e-263,COLCA1,3.2795231,9.651179885814447e-238,GLTP,2.2037108,0.0,ITGA3,2.5646355,8.237430660303157e-249,ITGB4,3.5257149,0.0,H2AFV,2.1256444,0.0,PRSS22,2.7172182,1.950167700651867e-188,ATP1B1,1.2071247,1.3768482301336609e-177,TPT1,0.5655615,0.0,PLAU,2.1807585,3.0613156098090926e-79,CCDC173,9.697865,0.0,SLC34A2,4.2829657,0.0,S100A6,0.75054824,1.187186844833735e-213,OAS3,3.1379907,2.252946962773056e-233,KRT6A,3.6169722,1.330305613091307e-138,NFE2L1,1.219911,3.385950787498146e-47,AGR2,1.7724787,1.8154024189751666e-07,DIP2B,3.5608275,5.017189264042656e-57,MT-CO1,0.53972954,2.091129228313235e-21
ARHGDIB,3.593677,8.387130796584529e-262,SPINT1,1.0421025,1.5007800681136427e-235,RPL19,0.72916245,0.0,GJB2,2.996514,6.797565821674508e-247,RBBP8,2.860304,0.0,SCD,2.7230635,0.0,TGM2,3.6306412,2.2417200548661518e-188,KLF6,1.7551044,2.529710801473078e-175,CD109,3.4703827,0.0,CHP2,2.550875,1.5299555002309077e-78,MLF1,7.4874744,0.0,RNF213,2.8461185,0.0,CSTB,0.8499829,3.6900832772589558e-211,ARL8B,1.7241697,1.2183534370681705e-231,PCNA,3.4342175,1.7003681918959445e-138,GJA1,3.2759058,5.519441691905523e-47,MYL6,0.37574688,3.7293117040966733e-07,AC108134.2,6.5505843,3.837304652522404e-56,HSP90AA1,0.5477272,3.201476107868022e-21
DUSP1,2.9477482,2.0224782483821437e-259,MT-CYB,0.53427976,4.4497397183580434e-235,RPL12,0.7870545,0.0,SHC1,2.4572232,1.2901268669590822e-244,SNCA,4.2210646,0.0,ITGB1,1.621369,0.0,NTN4,2.9219084,2.782171542270332e-187,VEGFA,2.5172033,1.069315361335788e-174,ITGB4,3.160366,0.0,CXCL1,2.603737,6.7335805379634e-78,NME5,8.020552,0.0,PPM1K,3.868507,0.0,EPCAM,2.3365571,6.572472011033436e-207,MMP14,2.9092433,7.346562516902893e-231,ZWILCH,4.5071664,3.6796866299418213e-137,CAV1,3.1075153,2.8000426630598965e-45,CEACAM6,2.4488637,3.7293117040966733e-07,TANGO6,5.024876,2.051104745613374e-55,SRD5A1,2.9908228,3.3124418816142627e-21
CD55,3.788479,4.746310649197871e-259,FUT3,2.9936,2.4271774991561815e-234,RPL27,0.7845948,0.0,LAMC2,2.7306983,1.025363990072136e-243,PRNP,2.5064495,0.0,SMC2,4.196066,0.0,FOSB,3.4621432,3.2900558114200916e-187,IL32,4.1667128,2.0332475205223935e-174,ANXA2,0.7148251,0.0,CXCL17,2.0964947,5.21358015500641e-77,CABCOCO1,10.234658,0.0,CMPK2,3.9025571,0.0,COX7C,0.6337074,1.7394903200973634e-206,ITGA2,2.7741375,1.0607632446289897e-230,LMNB1,5.9379964,9.452253596440747e-137,LUZP1,2.4581034,1.578891646726054e-44,PFN1,0.42267233,3.815087903578875e-07,KMT2C,3.018045,2.7026396905808665e-55,NR4A1,3.6454551,3.72175480758572e-21
BPIFA2,4.630704,3.359091749937053e-257,SLC34A2,3.7388673,3.3621746852151235e-234,RPS18,0.8952785,0.0,SFN,2.6062768,1.6755673569196716e-240,LOXL2,4.040788,0.0,H2AFX,4.6295104,0.0,BPIFB1,3.76665,1.2885758647633394e-186,EZR,1.2959214,3.0559433646629742e-173,PTMS,1.8215863,0.0,ASAH1,1.3907063,8.994712419849588e-77,UFC1,4.0535274,0.0,CYB5A,2.0160997,0.0,SLC34A2,3.1288607,2.1989878665211896e-202,G0S2,6.226248,5.922200710808301e-228,AKR1B10,4.195137,1.4960161762098045e-136,KRT5,2.6931589,1.6287244007062524e-44,RPL10,0.41430274,3.953104918036276e-07,COL9A1,6.6981297,3.8315117426346844e-53,COLCA2,4.381489,5.21764409826137e-21
RHOB,2.9060922,1.9071196766505534e-256,CEACAM6,3.8871024,5.077382487566283e-234,RPL7,0.76760435,0.0,MMP13,3.604609,4.7366282146700427e-240,FSCN1,3.4945512,0.0,RANBP1,2.4722304,0.0,AGR2,2.8174832,2.2392147933824644e-186,MACC1,3.440665,5.322406749624541e-172,SLC16A1,2.7490218,0.0,CDKN2A,1.6869467,5.455833715292975e-75,NPHP1,7.307076,0.0,MUC16,4.0265594,0.0,H3F3A,0.45255956,2.6577597513889042e-198,IL1A,4.610094,5.731418539644569e-227,RAN,1.2853625,1.7262825786084944e-136,FAT2,2.931705,5.09589539186948e-44,NDUFS5,0.43211693,4.3904065550521686e-07,KDM2A,2.5034893,6.580440127554121e-53,MT-CO3,0.46087784,1.2391227067071601e-20
DHCR24,1.3552371,3.269839060725244e-254,MT-CO2,0.43831092,7.36126283235293e-234,EEF1B2,0.9325786,0.0,HSPB1,0.9596744,1.5519607341897172e-235,BCAM,3.7918894,0.0,MAD2L1,5.819122,0.0,PTGES,3.001439,2.4132531672067593e-186,PLSCR1,1.6010302,4.6196542722994325e-171,LAMA3,3.4458141,0.0,UQCRQ,0.63706,1.6502173500750008e-73,CASC1,9.348578,0.0,BST2,3.5905979,0.0,CLDN7,1.6139995,3.6126241704758704e-197,ITGAV,3.1916163,1.36653559775485e-224,PAICS,3.3325326,4.819980032876322e-136,MT-ND4L,0.60551965,7.390376021689302e-44,CTSH,0.645421,4.6448739267877056e-07,ITFG2,4.3338428,1.0608439759210112e-51,SKAP2,2.4555364,1.319306836711984e-20
VPS13D,2.8494098,1.2354200223047266e-251,TP53INP2,2.9267037,1.5664026982532598e-233,KRT6A,3.1376057,0.0,RPS6,0.5527425,1.335114244919182e-233,MARVELD1,4.1722693,0.0,RRM2,7.173604,0.0,TRAM1,1.2829306,1.242992055673564e-185,MARS,2.5135121,4.708575215520185e-170,TMSB10,0.76200014,0.0,MMP13,2.578652,2.2826523763434682e-73,DYNLL1,2.0140936,0.0,PARP14,2.5879192,0.0,MUC1,2.2226799,8.218974399765793e-194,SLC38A1,2.273975,2.7650675058664147e-223,CSE1L,3.40328,2.2524194695085177e-135,PTK2B,2.1324787,1.802670796487166e-43,S100A10,1.3586732,4.6448739267877056e-07,USP34,2.657603,5.654886205875284e-51,PBXIP1,2.9428303,1.4071037832436223e-20
VMO1,4.453041,6.591629078102573e-249,CLDN7,2.0126848,1.5353379518730146e-231,IL1RN,2.8581436,0.0,IL6R,3.2207212,6.885176809609479e-228,PGAM1,1.480607,0.0,CKS2,3.478809,0.0,JUN,1.9243188,5.414351679044448e-184,SLFN5,2.18089,4.872432801616889e-170,LAMB1,3.2582972,0.0,PFKFB3,2.0143979,4.513755349063238e-72,DYNLT1,2.0985708,0.0,HLA-B,1.4799836,0.0,MALAT1,0.9681005,8.83922167383275e-193,TRAM1,1.5230767,2.3742555836218506e-221,SERPINB5,3.2898536,4.598743498885695e-135,TENM2,3.9673944,2.0871321102668274e-43,OST4,0.47935244,4.853264938438424e-07,TNFRSF10B,2.5684192,1.4157158196842049e-49,HES6,5.6166725,2.002552991492019e-20
VSTM2L,3.6621063,3.659750729420736e-248,S100A9,2.140559,2.6563041172318986e-231,RPL7A,0.93260247,0.0,ACTG1,0.82570755,9.120764823406839e-227,CHPF,3.26427,0.0,SRSF2,1.8127983,0.0,PLEKHS1,4.009323,8.626273075329674e-183,STC2,4.438238,5.738505185362015e-170,ITGA3,2.696174,0.0,HIST1H2BD,2.116458,7.528143847386287e-72,CCDC74A,8.085176,0.0,OAS3,2.961347,0.0,NFKBIA,1.8725991,2.493780727093796e-188,PRNP,2.5419884,3.4458725354839933e-221,GGH,4.2796984,1.146098206364894e-134,PRRC2C,1.0558462,3.62211724511661e-43,RPLP1,0.37427106,5.192252920895434e-07,FBXO11,2.7359464,9.864354079149694e-45,TP53I11,2.295554,3.4879805518970647e-20
TSPAN13,2.3446677,2.788997496231188e-247,VTCN1,2.7671907,3.1775789612092067e-230,KRT13,4.691464,0.0,RPL3,0.6265306,4.870054540428289e-226,TPM1,2.6766694,0.0,HSP90B1,1.1399003,0.0,PHACTR2,3.2306466,2.62693986621441e-182,ASS1,2.254578,9.893879098053952e-169,IFI16,1.117042,0.0,CNN3,1.1162064,1.2052741147083986e-71,PLAC8,6.3754277,0.0,IFI27,3.3535602,0.0,PLEKHS1,2.82844,3.085378726923337e-188,SEMA3C,3.2464871,1.4358095975464644e-220,NCAPG,6.7003345,1.7701197260751262e-133,MT-ND4,0.5684732,4.402226398232384e-43,LYPD2,2.0857465,5.205614666319471e-07,SCAI,5.096351,7.254118089093001e-44,SLC4A11,3.5482821,3.8391019306192936e-20
JUND,1.572545,2.8184754988956777e-247,SOX2,2.6961887,2.8900850307602366e-227,S100A2,2.380243,0.0,CDH6,3.4167597,4.717629633657483e-225,IGFBP6,4.432708,0.0,LDHA,1.5279499,0.0,HLA-DRB1,3.3650904,4.334407420010692e-181,CDKN1A,1.5430787,1.5366010648984246e-167,VSNL1,3.4566252,0.0,BZW1,0.77059627,1.5550812134287102e-70,CCDC17,9.532041,0.0,DUSP5,3.1389318,0.0,HLA-B,1.077605,1.1351816988311752e-185,FERMT1,3.5880237,2.7102682108555455e-216,ATP5MC3,1.0531685,1.9942142002374523e-133,SLC2A1,1.1432874,4.639038647163094e-43,DUSP23,1.4464167,5.218829467970489e-07,RABGAP1L,1.9300858,5.006227921167966e-43,STMN1,3.464007,4.867706293155177e-20
ALDH2,2.347054,3.4960384390644457e-245,LGALS8,1.1642345,5.525552584236575e-224,RPL35A,0.717225,0.0,TGFBI,2.6613674,1.2893408623445216e-221,SFN,2.9284828,0.0,TUBB4B,2.134554,0.0,MAL2,2.1152115,6.625695274181853e-181,PTTG1IP,1.1943733,3.0035009502943337e-166,MMP2,3.7848597,0.0,DCLK1,2.6683424,2.6213910019374625e-70,FAM166B,10.551264,0.0,GBP3,2.1748052,0.0,PDZK1IP1,2.7585082,5.394777362726511e-185,DKK3,4.467897,5.711250361392163e-215,NUCKS1,1.2331587,3.8496336635730154e-132,HSPG2,2.7838476,1.0784388815259908e-42,PDPN,1.9095689,6.214786396130116e-07,TBC1D8,4.103728,6.4380800755388654e-43,SRP14,0.7739885,5.0536788008928826e-20
S100P,3.9712937,3.886042820262249e-240,FOXN3,2.4395845,6.83746948978768e-223,RPS27A,0.67802733,0.0,PLEKHA1,1.8756831,3.810910565109875e-220,THBS1,4.152567,0.0,YWHAQ,1.2556114,0.0,RRM2B,2.9577425,9.077229691761546e-179,EPCAM,2.9158688,5.853483894249182e-165,SP110,2.1323397,0.0,C2CD4A,3.276906,3.228559020363511e-70,BBOF1,7.8877025,0.0,CYP4X1,2.8789918,0.0,SAT1,1.052246,7.77282449949672e-183,PHLDA1,3.6963577,7.474323334055585e-215,HMGA1,2.0107517,1.2478376808258752e-130,LIMA1,0.6403398,1.3648404751648763e-42,ATP5MF,0.3831075,6.698106667260617e-07,SCGB3A1,2.319973,9.278535490214228e-43,PPDPF,0.5744595,1.0860421496618195e-19
MSMB,4.261853,1.1600005888575496e-239,SORD,2.0239246,1.7850223731064235e-221,DHRS9,2.4262123,0.0,RBBP8,2.2203097,3.738866200947271e-217,LPCAT2,3.5848267,0.0,KIF20B,5.2148633,7.714650460673744e-307,B3GNT7,3.3975532,3.1037700731724415e-178,LGALS3,1.1675202,1.6557709295030167e-164,LOXL4,3.1979764,0.0,TIMP2,2.1342762,9.158083432819747e-70,CFAP73,9.504409,0.0,ASAH1,1.8659377,0.0,SCGB1A1,2.1433911,2.4046166668074827e-180,NCF2,4.5744085,7.812451501127923e-215,CYCS,1.3048025,2.057160342357517e-130,GJB2,2.6446717,5.539915213268461e-42,RPL21,0.34932515,7.815611592009541e-07,PHACTR4,1.901528,4.3340997454607536e-42,ASCL3,10.613581,1.2218841484285662e-19
TMEM59,1.0776266,3.8062627024364216e-237,REEP3,1.4989486,1.808369106221264e-220,RPS7,0.7728954,0.0,PERP,0.73104244,2.185787895567181e-216,CFL1,0.57015187,0.0,YBX1,0.87270105,4.675631239885341e-306,FAM107B,2.7432392,6.1628594930453185e-177,B4GALT1,1.3686236,2.211498110453453e-164,IFIT2,3.7512872,0.0,QSOX1,1.5083909,8.198961248107525e-69,MNS1,9.301192,0.0,ZNFX1,2.602024,0.0,ASAH1,1.0315893,4.439794808152542e-177,DSG3,3.7850342,2.1056479771601306e-213,H2AFX,4.6094418,2.4253655492414577e-129,CLCA2,2.832052,1.66086035079663e-41,RPS18,0.40546754,8.86553483748201e-07,NXN,2.457344,1.0800735680710431e-41,H3F3B,0.75451547,2.105349374876338e-19
NUCB2,2.7726197,1.947197910791508e-236,SLC44A2,2.1285958,3.9953594419005024e-219,RPS5,0.80425394,0.0,RPL32,0.6648375,3.431588435494448e-216,CD81,1.570272,0.0,DST,3.8894384,1.840987925295154e-303,RARB,2.9370077,6.976504265088567e-177,ADM2,5.31021,5.984240025748689e-164,SAMD9,2.0412998,0.0,PLIN2,2.1279135,1.0399243320859005e-68,DNAH12,8.043906,0.0,B2M,0.87366277,0.0,VAMP8,0.5005238,2.5109298643808003e-175,COL17A1,4.230644,3.070690388235968e-213,DHFR,3.743524,4.841116544915063e-129,MTRNR2L12,0.81124955,1.7334135950230896e-41,RPL29,0.5444853,9.100690798927253e-07,AGBL2,5.440596,1.466704311495637e-40,MT-ND4,0.56692064,3.6645579264090616e-19
IDH1,1.9410826,7.195258425352032e-236,SLC9A3R1,1.7680291,1.578699100102204e-218,RPL36,0.8537221,0.0,NPC2,0.8578904,1.093677465743228e-214,PKM,0.5705404,0.0,CCNA2,7.009275,3.4402650349876156e-302,GPD1L,3.3310292,1.0702372393407721e-176,SAA2,3.4851227,9.000933767327676e-163,JAG2,3.4418235,0.0,CPD,1.143996,3.559050633458931e-68,C17orf97,6.9718513,0.0,HLA-A,0.9034957,0.0,CP,2.2124066,2.802887343741773e-173,PML,2.7887468,1.4623053342444957e-211,UBE2S,4.1449203,6.372581663278661e-129,SEMA4B,1.0414834,1.8836666289188916e-41,SEC61G,0.6837003,1.074667337343449e-06,DNAH12,4.6528554,4.392439188050802e-40,HSBP1,1.0135537,5.550135049590844e-19
B2M,0.8883363,3.546488371102896e-234,MUC1,2.743238,3.035284165248134e-217,TCN1,3.319887,0.0,FBLN1,2.00049,5.286108897896632e-214,ANXA5,1.4532088,0.0,CLCA2,3.9317317,1.2901724635346783e-301,SLC44A4,3.8159277,1.0502668560898143e-175,EIF2S2,0.899625,1.349319465942481e-162,GBP1,2.855815,0.0,DEFB1,2.47658,6.23068664044444e-68,FAM92B,10.1491995,0.0,IFIT2,4.07894,0.0,LGALS9,1.7807121,3.008603298029738e-170,ITGA6,3.8685396,4.963873776652742e-211,FGFBP1,4.2298007,1.082019595884219e-128,CDH6,3.5426292,2.781479834201972e-41,TXNDC17,0.79251504,1.074667337343449e-06,TULP3,3.8138502,3.945207809254457e-39,MT-CYB,0.53036296,1.0211279271785777e-18
CLINT1,1.7526696,4.778888494248258e-234,ASAH1,1.6069751,6.21165296768849e-216,RPL31,0.6392609,0.0,SERPINB5,2.7128825,3.642612824548476e-213,CAV2,1.8131188,0.0,RAN,1.1378973,1.7548575551699028e-300,GSN,1.6088709,9.6478516184935e-174,SLC7A5,3.1968715,9.130332997197761e-162,RBBP8,2.385205,0.0,ITGB6,1.9932991,1.6943005234487261e-66,PIH1D2,8.404454,0.0,STAT1,1.8067116,0.0,FTH1,0.6696907,7.544907067308477e-166,FTH1,0.98325837,8.301217720213535e-211,PRXL2A,2.7231545,2.475667675376013e-128,MT-ATP6,0.5084971,3.841285597795647e-41,UBA52,0.40786955,1.150554645503706e-06,CPEB3,3.8568826,7.654722131422267e-39,TSPAN14,1.9536797,1.0884949900043652e-18
ATP1B1,1.1977749,6.341593895164506e-231,LMO4,1.8478928,9.418833202351242e-214,YWHAZ,0.6916157,0.0,TMSB10,0.6694467,8.393959915488507e-213,CNN2,1.1427169,0.0,MELK,5.84667,3.502649637297822e-299,LMO7,2.3053534,2.556492773748858e-171,PNPLA2,2.2481596,1.0279612537355175e-161,ZNF385A,2.470202,0.0,AC022075.1,1.8141333,5.418801975073237e-66,WDR63,8.408323,0.0,UBE2L6,2.2580216,0.0,SLC44A4,2.5858715,1.8582182603726713e-159,STAT1,1.8915207,2.239485009033917e-210,SNRPD1,2.0219965,6.372819837747149e-128,FAT1,2.5393958,9.253257972391445e-41,RPL5,0.37229213,1.1960538814712582e-06,KANSL1,2.7032359,1.1221312084359771e-38,CXXC5,2.2841206,1.2174650666817847e-18
PNPLA2,2.4368422,1.426770551239056e-229,KRT19,0.5445482,1.6778718224803387e-213,EEF1A1,0.47991806,0.0,COL7A1,3.2350547,1.926564284768021e-212,PDLIM7,3.1585307,0.0,S100A10,2.2307546,2.0567337443120694e-298,KRT7,1.5410147,3.420639800533032e-170,TAP1,2.4263682,9.20967448270678e-161,OAS2,2.2773478,0.0,MDK,1.814053,3.32122575415743e-65,DNAJA4,4.891345,0.0,PNPLA2,2.410486,0.0,SCNN1A,1.2230107,1.005960654342017e-158,MAP1LC3B,1.8683919,1.0010483322519726e-209,TK1,5.825063,3.1556816775895053e-127,PTHLH,3.0610676,1.0247987631875977e-40,GSTA2,1.8678514,1.1960538814712582e-06,BPIFA1,2.116489,1.428665685219257e-38,PRDX2,1.2034059,1.238927791737626e-18
B4GALT5,2.7754858,1.953897507403625e-229,S100A4,2.4512036,2.7992686027911106e-211,RPS4X,0.6992616,0.0,SERINC2,0.8792243,1.3218303825331462e-211,AK4,2.816395,0.0,KIFC1,6.8093038,9.170115013959176e-298,RHOBTB3,2.850048,5.296218596739311e-169,RND3,1.7843289,2.7467619183541113e-156,PKM,0.4979167,0.0,POLR2J3,2.0685859,7.567719637109912e-64,SPATA18,7.15223,0.0,SP110,2.2856107,0.0,PRSS22,1.7740834,8.152206016104838e-158,UPP1,4.2394686,3.79492999607705e-209,EMP2,3.254406,4.297993082437354e-127,LAMC1,2.408732,1.1477620912335267e-40,RPS16,0.34048748,1.246513139877857e-06,AL136115.2,7.34887,8.10886562923923e-38,FRAT2,3.3708441,1.3659015758884753e-18
NCCRP1,3.8785174,1.1987094237491832e-225,TSPAN1,1.7526939,8.731483987471423e-210,GSTP1,0.69166756,0.0,RPS5,0.69609815,5.119803498504949e-211,VIM,4.7209687,0.0,PRXL2A,2.602993,1.1025016020762374e-296,LZTS3,3.4757428,3.927806464611908e-168,YARS,2.6333625,3.056945759807968e-156,GAPDH,0.71018565,0.0,ATP5MC2,0.5453678,7.82341426408568e-64,MS4A8,9.304351,0.0,EPAS1,1.9644318,0.0,TMEM59,0.56047994,4.613762896640881e-157,IFIT2,4.447661,6.944372724720762e-209,KIF20B,5.202872,7.70835421290519e-127,MTRNR2L8,0.73521996,3.120032955275136e-40,RPL27A,0.34197837,1.246513139877857e-06,IRAK2,4.7559814,2.636349594599552e-37,PABPC1,0.64887935,2.0632919831921367e-18
ALOX15,3.9549363,9.133983369931721e-225,SGK1,2.489506,4.7509758871777734e-207,TXN,1.1537727,0.0,RPL23,0.582745,5.985622964045724e-211,PTK2B,2.9275982,0.0,HNRNPD,1.5421976,3.1847450451298756e-296,AMOTL2,3.0513463,4.031988817955494e-168,WASL,1.8367646,1.3233960799470625e-155,LAMC2,2.7850335,0.0,SERPINB13,2.0840545,1.5163109004534848e-63,DNAAF4,7.6187277,0.0,GBP4,3.7572477,0.0,CLDN4,2.3071423,5.356809012765084e-156,ITGA3,2.994312,7.190169726765465e-209,CCNB1,5.614548,1.3504679784276927e-124,MMP2,3.4318032,4.721810924972388e-40,RPL32,0.39261055,1.246513139877857e-06,NUMB,1.4215467,1.2989613701427012e-36,MT-ND1,0.4443311,2.3472671034876937e-18
CHST9,3.2561247,1.7752973557680792e-221,CAMK1D,2.2281497,1.5801164577927675e-206,EFHD2,2.1441777,0.0,RPS23,0.6912208,5.9866363792086e-211,IKBIP,3.5542083,0.0,ATP1B3,1.6797236,1.9290419562097594e-295,ADAM9,1.6252083,2.8512780757074792e-167,EIF4EBP1,2.7550786,1.5293528339817496e-152,GM2A,2.2118459,0.0,B4GALT5,1.8927294,6.83459978974788e-63,IFT22,6.1367126,0.0,DDX58,3.0574303,0.0,CD55,2.337965,8.021879075642764e-155,PPP1R18,3.607748,1.3149847667172841e-208,CALM1,0.882412,8.553552090558976e-124,SLC16A1,2.050843,5.0283226104392775e-40,NR4A1,1.8474398,1.2601532699820028e-06,RAD9A,4.0953455,1.4058714967511134e-36,NIPSNAP1,2.5164328,2.6818556787886078e-18
SMIM31,4.18671,2.478395053694216e-221,NCCRP1,3.226805,3.736381470343483e-205,ATP5MC3,0.8629638,0.0,VSNL1,3.046417,1.4919969921376089e-210,GPC1,2.8555455,0.0,NUSAP1,7.055505,7.272606207128408e-291,LIMCH1,3.8143673,3.899446773687857e-167,LCN2,2.356939,1.7688528012514223e-152,TP63,3.2604709,0.0,CAMK1D,1.7845912,1.2561083122019483e-62,CFAP36,4.935334,0.0,S100P,3.8780615,0.0,MTRNR2L1,1.3972191,2.907685162301229e-154,IRF7,3.2653685,3.962062872966321e-208,NCL,1.1025196,2.0336885933476652e-123,RRBP1,1.2931194,5.544211992711643e-40,FHL2,1.4028891,1.2750899161334896e-06,AL139317.5,6.5026317,1.7180277550887787e-36,INPP5B,4.717517,2.9134455574605278e-18
FAM107B,2.799432,5.56841940490156e-221,SLC46A3,3.0278733,7.998869387699315e-202,PERP,0.8304374,0.0,TKT,1.2900882,2.0871450922361416e-210,TIMP1,2.6120765,0.0,NASP,3.1427324,1.0161014740770897e-290,PSCA,4.238888,2.688202909498803e-166,SLC6A9,3.5608454,1.0978238208327704e-150,SERINC2,0.93051046,0.0,RHOBTB3,1.9313416,1.47010707151974e-62,FAM229B,7.324898,0.0,SLC9A3R2,2.9283237,0.0,GABRB1,4.826693,4.041557497983786e-154,IFI16,1.2779726,4.534224500030552e-208,YBX1,0.8944676,2.36438546323842e-123,JAG2,2.8826818,1.6044719744289442e-39,CAVIN1,2.314117,1.4706136214905053e-06,LDHC,7.338771,2.1929369965782206e-36,KRT18,1.9723208,4.617824376053669e-18
SLC9A3R2,2.9448037,8.398269677457522e-219,RAB25,1.5710287,4.7628921973651665e-200,RPS12,0.71890926,0.0,ANXA4,1.2200339,4.4222238878015433e-210,FAM3C,1.3195893,0.0,COL17A1,4.465103,7.393177777089431e-289,NEAT1,1.5368059,2.494690033246999e-164,TRIB2,2.8375905,5.332410745043904e-150,SERPINB5,2.8826475,2.059259374161744e-303,PIP,2.4732316,1.480303491728814e-62,IK,3.1089916,0.0,CYP4B1,3.6049979,0.0,IFITM2,1.2208678,6.038159467522432e-154,SAMD9,2.2958846,7.418220960945109e-207,RFC3,5.0995455,4.731548302597394e-123,PSAP,0.48445305,2.1877400077583647e-39,RPL6,0.32286075,1.5068060299987383e-06,IFNGR2,1.1923302,5.291896388854512e-36,SMARCC1,1.5353645,1.4097700792838667e-17
SOX2,2.961083,1.7317985406782664e-214,SLPI,1.5054902,1.5555044354836707e-197,RPL22,0.6920289,0.0,SH3PXD2A,2.2840192,2.1500875647356048e-209,FABP5,3.3251503,0.0,NAP1L1,0.9270192,1.1337762706261955e-288,KLHL5,1.9691982,2.6044058917278735e-164,CXCL1,3.3559225,1.5288612597254049e-149,UBE2L6,2.0659857,3.134424464361913e-301,IFNGR1,1.4613816,2.5953630553405993e-61,DNAAF1,8.641615,0.0,SMIM14,2.281562,0.0,GDF15,2.1502886,4.5983932184583605e-153,RBP1,3.6770642,3.3079936018509933e-205,SRSF3,1.6030792,1.3072117142255584e-121,TLN1,1.5549371,6.905988211950923e-39,NPC2,0.46550578,1.517084225309411e-06,ABHD18,3.7535353,7.714094017681057e-36,CLDN4,2.7743173,1.444224838510566e-17
HLA-A,0.87020856,8.921290125086862e-214,RARRES3,2.1512647,7.693484671474143e-192,INPP1,2.9265857,0.0,DAAM1,2.0958533,8.57512395314931e-209,TPM2,3.1379364,0.0,ALDH3A1,3.275019,5.0392561090883174e-288,CD24,0.9225641,3.706202057218601e-164,CCND1,1.6349064,8.712093908654136e-147,C19orf66,2.0088017,7.021989588616909e-301,INSR,1.9029052,4.373206546131266e-61,CDHR3,8.303626,0.0,EPSTI1,3.3319342,0.0,CXCL1,2.5067363,2.7450276165590365e-143,PTPRK,3.0408583,3.982975210950794e-205,CCNB2,6.2276273,6.293132207355502e-120,DSC3,2.4802027,2.7956542634782886e-38,MT2A,0.9744742,1.6477646956293684e-06,SPDYA,6.2374535,3.094599090501717e-35,ASCL2,5.4511037,1.4649625899181918e-17
ZFP36,2.0290098,2.73133177051509e-212,KLF3,2.0245275,1.3422067079334412e-191,RPS16,0.6490453,0.0,RPL31,0.5530498,7.0153178945066465e-208,DAAM1,2.582595,0.0,PSIP1,3.619786,2.0295424698741417e-287,DDX17,1.0839177,5.047858904892942e-164,CBX4,2.7743132,2.3757744930252803e-145,PFN1,0.7212749,8.298457183443268e-301,TM4SF1,1.6610308,1.1428991236624107e-60,TMEM231,8.057382,0.0,NCOA7,1.7189078,0.0,TNFAIP2,2.4053557,4.434922458681353e-142,ACTB,0.81647295,1.005177157891603e-204,SNRPF,2.4617314,6.447189265437598e-119,DCBLD2,2.1566117,3.803246336382796e-38,RPL7,0.39236957,1.6477646956293684e-06,XPO1,0.7391937,3.764445494541837e-35,COX6A1,0.68685955,1.51323292653281e-17
TOX3,4.082821,4.498239927744955e-208,CHP2,3.069561,9.457841386799215e-188,RPS14,0.92460954,0.0,RPL12,0.66743207,7.532627089710639e-207,LAMB1,3.529594,0.0,CCDC34,3.8438652,9.438661028714156e-287,MT-ND4,0.5894867,1.3488662397791463e-163,HLA-B,1.2682022,6.339857137174722e-145,PGK1,0.97946703,5.559289524548773e-300,PGM2,1.6064168,1.687305311198794e-60,ZBBX,9.360943,0.0,SAMD9,2.1837056,0.0,IFITM3,0.7775811,2.9672261077341608e-140,PLEK2,3.7458622,3.5512963806692123e-203,CDK1,6.049762,1.6882794197716165e-117,PLEC,2.5119867,1.0153520385722888e-37,CD74,1.23812,1.6477646956293684e-06,INSR,1.9094347,4.51026915376368e-35,MEX3A,4.021867,2.0727269211400853e-17
ADH1C,4.2361393,8.24360199966607e-207,DHCR24,1.0777591,1.0267483256778059e-187,CALM1,0.73277223,0.0,TXNDC17,1.3266267,5.425458356323662e-206,PMEPA1,3.443052,0.0,SKA2,2.902749,9.142819244799027e-286,TTC9,3.189861,6.802156257462091e-163,ECE1,2.4913952,6.925628340830054e-145,TXNDC17,1.412054,2.972033273105234e-299,UPK1B,2.3470201,6.562739138044886e-60,FANK1,7.071925,0.0,ERBB3,3.1163065,0.0,GABRP,2.5722682,1.5429606574504539e-137,MT2A,1.9779621,5.269857415792145e-203,NCAPH,6.2414527,4.0479896610904187e-116,SEMA3C,2.2518244,1.3002206697405979e-37,COX6A1,0.36296895,1.652315450261336e-06,MAML1,3.5384667,5.45491296319069e-35,IVNS1ABP,2.782618,2.08050660464641e-17
PRR15,3.427475,1.1343687628878717e-205,CTSS,2.5431297,1.2794706215295866e-187,KRT5,2.7941785,0.0,AHNAK2,2.774346,6.090639284037828e-206,TP63,3.733856,0.0,EMP2,3.0168223,1.2229401280813202e-284,SMIM14,2.1733785,1.2727099756527042e-162,IRF1,2.167157,1.0357041506612475e-143,PRNP,2.1114933,3.910494247688755e-298,COX7C,0.4409059,6.893353991655362e-60,LRRC6,7.7717724,0.0,TNFAIP2,3.6848338,0.0,CYP4X1,1.4743478,2.8809367095545957e-134,COL7A1,4.113648,1.3283853877775115e-202,NASP,3.2418988,4.401390933265924e-116,IGFBP7,2.4403028,2.8963947331512226e-37,RPL10A,0.38224748,1.7060202410469528e-06,Z93930.2,5.0267944,3.093638012428869e-34,FAM102A,2.8851445,2.2857009312758002e-17
MUC16,3.755618,2.640378406782923e-205,MUC16,3.1230857,8.675162294468664e-187,RPS26,0.923894,0.0,ATP1B3,1.3608117,6.95237097191527e-204,TPM4,0.98297757,0.0,KRT6A,3.4053504,5.007044991625115e-283,PTP4A2,1.1832166,7.388960142636034e-162,BRI3,1.2345834,1.3142212704129975e-142,HAS3,3.2244923,8.816858260661317e-297,ATP6V1G1,0.66236854,6.949895679466729e-59,ODF3B,7.855999,0.0,CLDN4,3.299477,0.0,PIP,2.632405,3.677566040872534e-133,OPTN,2.036357,2.1474953692717522e-201,SKA3,6.0599666,1.0346992008052787e-115,SERPINE1,3.5293198,1.237854777022335e-36,ATP5ME,0.5172231,1.7345951478575156e-06,SOD2,1.6433315,1.284996407625606e-33,LGALS3,1.0474185,2.4487420469037097e-17
MUC4,3.3523202,7.102091523937735e-204,ST6GAL1,2.0549061,5.586334295624069e-186,RPL28,0.8695647,0.0,CLU,1.6289715,3.892893084010055e-203,GPX3,2.723801,0.0,CAVIN1,4.26689,9.473654236482267e-283,NFIB,2.7049458,8.159032260870026e-161,TMC5,3.198635,1.9282338844681216e-142,CD81,1.3291572,1.0784621205230534e-296,ABCA1,2.3528512,7.6021030133567305e-59,AK7,8.54552,0.0,DDX60L,3.3065646,0.0,NDUFA1,0.55966127,2.831643014030921e-132,ARHGAP21,3.0564299,1.7875660375763397e-200,SCD,2.5916708,3.478569962845373e-115,DKK3,3.319404,1.2808836177524656e-36,NDUFA2,0.8005484,1.78179669766445e-06,JMJD1C,2.2173517,7.46389254163159e-33,MT-ND3,0.42766163,4.24668745816562e-17
PIP,3.9464984,2.3954109008786853e-199,BBOX1,2.8654437,9.25743833607205e-186,PLRG1,2.1248872,0.0,CRIP2,2.5615144,3.170167711790676e-202,VKORC1,2.5470262,0.0,CENPN,4.6964755,8.185672444655266e-281,QSOX1,2.0160897,3.378694271835665e-160,CLDN4,3.0029469,4.437625118887574e-141,PRXL2A,2.2090714,4.0650309863384524e-296,MIR4435-2HG,1.8444313,2.325028106987321e-58,CFAP53,8.451109,0.0,IRF7,3.0121586,0.0,COX6A1,0.49721217,7.0197732364748736e-130,C1R,4.2604365,1.981409629318635e-200,HNRNPD,1.5419531,4.346993977532349e-115,MT-CO3,0.43517393,1.3903641165368162e-36,RPS3A,0.38337994,1.992525017908045e-06,PUM1,0.5431467,1.1339703102286521e-32,DBN1,2.4954004,5.712519327437865e-17
PRSS23,1.8727105,8.936887221862771e-199,PDCD4,1.4857862,3.851577658317062e-184,RPLP2,0.7685435,0.0,YBX1,0.6736736,3.866360061424238e-201,NGFR,3.9378476,0.0,UBE2S,3.7484298,2.702740984981121e-279,PNPLA2,2.251273,7.789386452956384e-159,MAL2,1.8478111,1.046192581401138e-140,ARPC2,0.7658164,5.610810086725267e-296,STRA6,2.0808263,3.0422979621911014e-58,CALM2,1.8016844,0.0,SLC15A2,3.2033384,0.0,UBB,0.49292353,1.6958289322635006e-128,NT5C3A,2.9673843,6.633144569947376e-200,EIF5A,1.4541171,7.418826628872929e-115,BCAM,2.5387065,1.9616072894775594e-36,RPS3,0.38143796,1.994179017412369e-06,SRPK2,1.5462172,1.6089552024860365e-32,MT-ND5,0.62510395,7.308378318660288e-17
LY6E,1.2212852,3.950454837998389e-198,MT-ND3,0.38525435,1.0046781900844054e-182,RPS28,0.74609965,0.0,GAPDH,0.6527117,1.2173277378194397e-200,AC245041.2,3.5836432,0.0,CENPF,6.617637,7.089967349603765e-279,CAPN2,0.84432924,8.811450693328827e-158,SLC6A14,3.037696,1.8502434193434604e-139,OPTN,1.712168,1.084418611641602e-295,DAPK2,2.0722864,3.219912989076803e-58,C21orf58,8.413525,0.0,LMO4,2.1468658,0.0,SERPINB3,1.8913654,1.2179111820754827e-127,RSAD2,4.6238594,1.0098287720397466e-199,SKA2,3.0821211,8.761693370562897e-115,FSCN1,2.2036338,2.3940497112810153e-36,DST,2.1094248,1.994179017412369e-06,KDM3B,3.1083674,2.1536212796220276e-32,IP6K2,1.6037863,7.408288430766063e-17
MAGED1,2.1026945,1.0804141055859748e-196,GCHFR,3.051345,1.0248529199899085e-182,SCEL,2.7509453,0.0,RPS8,0.5162841,3.709094284379103e-198,COTL1,3.3070917,0.0,KIF11,5.811732,1.8508937045986568e-278,CYP4B1,3.3480942,2.0476824534107183e-157,TARS,1.9695876,1.753453099588738e-138,OAS1,2.3591833,7.82687109494332e-292,AK3,1.1974684,4.823765180357742e-58,WDR38,10.234558,0.0,TSPAN1,1.9621178,0.0,TNFSF10,0.80830353,7.068238177533028e-121,CLIC4,3.0925496,1.5803311616100338e-199,CENPF,6.1342564,9.561949937645176e-115,MT-CO1,0.46019998,4.504213431448976e-36,APOD,1.5686616,2.11854627219853e-06,OLMALINC,3.2238798,2.4697488148193337e-30,NDUFB9,1.5027435,7.522210120250904e-17
HLA-DPA1,3.921408,4.47423975545264e-196,PRSS22,2.2891707,1.1886951163128902e-182,S100A11,0.5620111,0.0,RPL11,0.5750683,6.6133194072611054e-198,GALNT2,2.1491632,0.0,CTNNAL1,3.6426668,1.1200978511798511e-275,GDF15,2.9733193,2.985022831107905e-157,IFIH1,2.3927236,1.7877722140407564e-138,CDH3,1.5634795,1.9930712395873362e-290,SMAD3,1.4262837,6.174568244163695e-58,CCDC78,9.111497,0.0,GSN,1.6210135,0.0,MUC4,2.1148534,7.902753060790355e-120,BRI3,1.5583918,1.911452074042378e-196,EZH2,4.382938,2.089461955087563e-114,KRT6A,2.4974353,9.668046368296621e-36,RPL35A,0.34032604,2.1939366967291103e-06,CGAS,3.7658467,3.7505747239914196e-30,ZMIZ2,2.7034786,1.3065992336367652e-16
RTN3,1.4842818,6.202817732203226e-195,MUC4,2.896348,4.209161091893003e-182,RPS11,0.60370064,0.0,ALDH3A2,1.6798285,1.4846779091938493e-196,PLP2,3.406788,0.0,CSE1L,2.9929233,3.1142038064441784e-275,SRD5A3,2.463852,3.223568609046106e-157,WARS,2.6779919,6.79906401957956e-138,APOD,2.6442432,1.2365376098170302e-284,CXCL8,2.274341,6.465218097878779e-58,ALDH3B1,6.2889223,0.0,TRIM38,2.550103,0.0,EPHX1,0.91721445,8.823475093024795e-119,HERC5,4.420132,2.891035657370279e-195,PTGES3,1.3841543,2.3498510809470196e-114,MCAM,3.4940467,1.081105923728066e-35,PLP2,1.9569064,2.260750204634042e-06,PPP1R42,4.87769,4.682945796370724e-30,ACO2,1.3395102,2.999228721779139e-16
